METHOD	PATH	HANDLER	SHAPE
DELETE	/api/ab-experiments/:id	hivemtk-user/internal/ops/controller.(*ABExperimentController).DeleteExperiment-fm	/api/ab-experiments/*
DELETE	/api/agent-kb-bindings	hivemtk-user/internal/controller.(*AgentKBBindingController).Unbind-fm	/api/agent-kb-bindings
DELETE	/api/agent-kb-bindings/:agentId/:kbId	hivemtk-user/internal/controller.(*AgentKBBindingController).UnbindByPath-fm	/api/agent-kb-bindings/*/*
DELETE	/api/ai-agents/:id	hivemtk-user/internal/controller.(*AIAgentController).Delete-fm	/api/ai-agents/*
DELETE	/api/ai-tools/:name/accounts/:account_type/:account_id	hivemtk-user/internal/controller.(*AIToolConfigController).UnbindAccount-fm	/api/ai-tools/*/accounts/*/*
DELETE	/api/asset-bundle/:id	hivemtk-user/internal/controller.(*AssetBundleController).Delete-fm	/api/asset-bundle/*
DELETE	/api/backup/:id	hivemtk-user/internal/controller.(*BackupGapController).Delete-fm	/api/backup/*
DELETE	/api/backups/:id	hivemtk-user/internal/controller.(*BackupController).DeleteBackup-fm	/api/backups/*
DELETE	/api/browser-automation/cron/:id	hivemtk-user/internal/browser_automation/controller.(*CronController).Delete-fm	/api/browser-automation/cron/*
DELETE	/api/browser-automation/tasks/:id	hivemtk-user/internal/browser_automation/controller.(*TaskController).Delete-fm	/api/browser-automation/tasks/*
DELETE	/api/channel-agent-bindings/:id	hivemtk-user/internal/controller.(*ChannelAgentBindingController).Delete-fm	/api/channel-agent-bindings/*
DELETE	/api/chat-channels/:channel_id	hivemtk-user/internal/controller.(*ChatChannelController).Delete-fm	/api/chat-channels/*
DELETE	/api/clues/delete/:id	hivemtk-user/internal/controller.(*ClueController).DeleteClue-fm	/api/clues/delete/*
DELETE	/api/community/groups/:id	hivemtk-user/internal/controller.(*CommunityController).DeleteGroup-fm	/api/community/groups/*
DELETE	/api/custom-reports/:id	hivemtk-user/internal/ops/controller.(*CustomReportController).DeleteReport-fm	/api/custom-reports/*
DELETE	/api/customer-360/tag-rules/:id	hivemtk-user/internal/controller.(*Customer360Controller).DeleteTagRule-fm	/api/customer-360/tag-rules/*
DELETE	/api/customer-service-agents/:id	hivemtk-user/internal/controller.(*CustomerServiceAgentController).Delete-fm	/api/customer-service-agents/*
DELETE	/api/customer-sessions/:id/edit-lock	hivemtk-user/internal/controller.(*CustomerServicePlusController).ReleaseEditLock-fm	/api/customer-sessions/*/edit-lock
DELETE	/api/customer-sessions/:id/snooze	hivemtk-user/internal/controller.(*CustomerServicePlusController).UnsnoozeSession-fm	/api/customer-sessions/*/snooze
DELETE	/api/dashboards/:id	hivemtk-user/internal/ops/controller.(*DashboardScreenController).DeleteScreen-fm	/api/dashboards/*
DELETE	/api/domain-pool/:id	hivemtk-user/internal/controller.(*DomainPoolController).Delete-fm	/api/domain-pool/*
DELETE	/api/douyin/delete/:id	hivemtk-user/internal/controller.(*DouyinCardController).Delete-fm	/api/douyin/delete/*
DELETE	/api/email/drafts/:id	hivemtk-user/internal/controller.(*EmailDraftController).DeleteEmailDraft-fm	/api/email/drafts/*
DELETE	/api/email/jobs/:id	hivemtk-user/internal/controller.(*EmailJobsController).DeleteEmailJobs-fm	/api/email/jobs/*
DELETE	/api/email/list/:id	hivemtk-user/internal/controller.(*EmailListController).DeleteEmailList-fm	/api/email/list/*
DELETE	/api/email/smtp/:id	hivemtk-user/internal/controller.(*EmailSmtpController).DeleteEmailSmtp-fm	/api/email/smtp/*
DELETE	/api/faqs/:id	hivemtk-user/internal/controller.(*FAQController).Delete-fm	/api/faqs/*
DELETE	/api/feishu/accounts/:id	hivemtk-user/internal/controller.(*FeishuAccountController).Delete-fm	/api/feishu/accounts/*
DELETE	/api/geo/alerts/:id	hivemtk-user/internal/geo/controller.(*AlertController).Delete-fm	/api/geo/alerts/*
DELETE	/api/geo/competitors/:id	hivemtk-user/internal/geo/controller.(*CompetitorController).Delete-fm	/api/geo/competitors/*
DELETE	/api/geo/kb/documents/:id	hivemtk-user/internal/geo/controller.(*KBController).Delete-fm	/api/geo/kb/documents/*
DELETE	/api/geo/keywords/:id	hivemtk-user/internal/geo/controller.(*KeywordController).DeleteKeyword-fm	/api/geo/keywords/*
DELETE	/api/geo/platform/accounts/:id	hivemtk-user/internal/geo/controller.(*PlatformController).DeleteAccount-fm	/api/geo/platform/accounts/*
DELETE	/api/geo/pushers/:id	hivemtk-user/internal/geo/controller.(*GeoPusherConfigController).Delete-fm	/api/geo/pushers/*
DELETE	/api/geo/schema-templates/:id	hivemtk-user/internal/geo/controller.(*GeoSchemaTemplateController).Delete-fm	/api/geo/schema-templates/*
DELETE	/api/geo/sites/:id	hivemtk-user/internal/geo/controller.(*GeoSiteController).Delete-fm	/api/geo/sites/*
DELETE	/api/geo/workflow/workflows/:id	hivemtk-user/internal/geo/controller.(*WorkflowController).Delete-fm	/api/geo/workflow/workflows/*
DELETE	/api/glossaries/:term_id	hivemtk-user/internal/controller.(*GlossaryController).Delete-fm	/api/glossaries/*
DELETE	/api/inbox/conversations/:id/messages/:mid	hivemtk-user/internal/controller.(*InboxController).DeleteMessage-fm	/api/inbox/conversations/*/messages/*
DELETE	/api/integrations/:id	hivemtk-user/internal/controller.(*IntegrationController).DeleteAccount-fm	/api/integrations/*
DELETE	/api/kb-connectors/:id	hivemtk-user/internal/controller.DeleteKBConnector	/api/kb-connectors/*
DELETE	/api/knowledge-bases/:id	hivemtk-user/internal/controller.(*KnowledgeBaseController).Delete-fm	/api/knowledge-bases/*
DELETE	/api/knowledge-merchant/chunks/:id	hivemtk-user/internal/aiagent/knowledge/controller.(*KnowledgeMerchantController).DeleteChunk-fm	/api/knowledge-merchant/chunks/*
DELETE	/api/knowledge/documents/:id	hivemtk-user/internal/aiagent/knowledge/controller.(*KnowledgeWorkspaceController).DeleteDocument-fm	/api/knowledge/documents/*
DELETE	/api/knowledge/openapi/sources/:id	hivemtk-user/internal/aiagent/knowledge/controller.(*KnowledgeWorkspaceController).DeleteOpenAPISource-fm	/api/knowledge/openapi/sources/*
DELETE	/api/kuaishou/delete/:id	hivemtk-user/internal/controller.(*KuaishouCardController).Delete-fm	/api/kuaishou/delete/*
DELETE	/api/live-codes/:id/delete	hivemtk-user/internal/controller.(*LiveCodeController).Delete-fm	/api/live-codes/*/delete
DELETE	/api/live-codes/qrcodes/:qr_id/delete	hivemtk-user/internal/controller.(*LiveCodeController).DeleteLiveCodeQR-fm	/api/live-codes/qrcodes/*/delete
DELETE	/api/macros/:id	hivemtk-user/internal/controller.(*MacroController).Delete-fm	/api/macros/*
DELETE	/api/marketing-flows/:id	hivemtk-user/internal/content/controller.(*MarketingFlowController).DeleteFlow-fm	/api/marketing-flows/*
DELETE	/api/material/:id	hivemtk-user/internal/content/controller.(*MaterialController).DeleteMaterial-fm	/api/material/*
DELETE	/api/material/categories/:id	hivemtk-user/internal/content/controller.(*MaterialController).DeleteMaterialCategory-fm	/api/material/categories/*
DELETE	/api/mcp/credentials/:id	hivemtk-user/internal/controller.DeleteMCPCredential	/api/mcp/credentials/*
DELETE	/api/message-hub/dlq/:id	hivemtk-user/internal/controller.(*CustomerServicePlusController).DLQDrop-fm	/api/message-hub/dlq/*
DELETE	/api/obs/config/:id	hivemtk-user/internal/controller.(*ObsConfigController).DeleteConfig-fm	/api/obs/config/*
DELETE	/api/oneid/merge-rules/:id	hivemtk-user/internal/controller.(*CustomerOneIDController).DeleteMergeRule-fm	/api/oneid/merge-rules/*
DELETE	/api/platform-accounts/:id	hivemtk-user/internal/controller.(*PlatformAccountController).DeleteAccount-fm	/api/platform-accounts/*
DELETE	/api/qq/accounts/:id	hivemtk-user/internal/controller.(*QQAccountController).Delete-fm	/api/qq/accounts/*
DELETE	/api/quick-replies/:id	hivemtk-user/internal/controller.(*QuickReplyController).DeleteReply-fm	/api/quick-replies/*
DELETE	/api/rag-config/products/:id	hivemtk-user/internal/aiagent/knowledge/controller.(*RagConfigController).DeleteRagProduct-fm	/api/rag-config/products/*
DELETE	/api/reach/pipelines/:id	hivemtk-user/internal/controller.(*ReachPipelineController).DeletePipeline-fm	/api/reach/pipelines/*
DELETE	/api/report-subscriptions/:id	hivemtk-user/internal/controller.(*GrowthController).DeleteReportSub-fm	/api/report-subscriptions/*
DELETE	/api/scripts/:id	hivemtk-user/internal/content/controller.(*ScriptTemplateController).DeleteTemplate-fm	/api/scripts/*
DELETE	/api/session-tags/:id	hivemtk-user/internal/controller.(*SessionTagController).DeleteTag-fm	/api/session-tags/*
DELETE	/api/shortlink/delete/:id	hivemtk-user/internal/controller.(*ShortLinkController).Delete-fm	/api/shortlink/delete/*
DELETE	/api/sms/draft/:id	hivemtk-user/internal/controller.(*SmsController).DeleteDraft-fm	/api/sms/draft/*
DELETE	/api/sms/job/:id	hivemtk-user/internal/controller.(*SmsController).DeleteJob-fm	/api/sms/job/*
DELETE	/api/sop-templates/:id	hivemtk-user/internal/controller.(*SOPTemplateController).Delete-fm	/api/sop-templates/*
DELETE	/api/sop/:id	hivemtk-user/internal/controller.(*SOPController).Delete-fm	/api/sop/*
DELETE	/api/system/users/:id	hivemtk-user/internal/controller.(*SystemUserAdminController).Delete-fm	/api/system/users/*
DELETE	/api/telegram/accounts/:id	hivemtk-user/internal/controller.(*TelegramAccountController).Delete-fm	/api/telegram/accounts/*
DELETE	/api/telegram/gates/:id	hivemtk-user/internal/controller.(*TelegramGateController).Delete-fm	/api/telegram/gates/*
DELETE	/api/tiktok-card/:id	hivemtk-user/internal/controller.(*TikTokCardController).Delete-fm	/api/tiktok-card/*
DELETE	/api/user-segment/rfm/rule/:id	hivemtk-user/internal/controller.(*UserSegmentController).DeleteRFMRule-fm	/api/user-segment/rfm/rule/*
DELETE	/api/users/:id	hivemtk-user/internal/controller.(*SystemUserController).DeleteUser-fm	/api/users/*
DELETE	/api/v1/local-assets/:id	hivemtk-user/internal/controller.(*AssetMarketController).DeleteLocal-fm	/api/v1/local-assets/*
DELETE	/api/webhook-subscriptions/:id	hivemtk-user/internal/controller.(*GrowthController).DeleteWebhookSub-fm	/api/webhook-subscriptions/*
DELETE	/api/wecom/accounts/:id	hivemtk-user/internal/controller.(*WeComController).DeleteAccount-fm	/api/wecom/accounts/*
DELETE	/api/whatsapp/accounts/:id	hivemtk-user/internal/controller.(*WhatsappController).DeleteAccount-fm	/api/whatsapp/accounts/*
DELETE	/api/whatsapp/drafts/:id	hivemtk-user/internal/controller.(*WhatsappController).DeleteDraft-fm	/api/whatsapp/drafts/*
DELETE	/api/whatsapp/jobs/:id	hivemtk-user/internal/controller.(*WhatsappController).DeleteJob-fm	/api/whatsapp/jobs/*
DELETE	/api/whatsapp/templates/:id	hivemtk-user/internal/controller.(*GroupMessagingController).DeleteTemplate-fm	/api/whatsapp/templates/*
DELETE	/api/workflows/versions/:id	hivemtk-user/internal/controller.(*WorkflowOrchestratorController).DeleteVersion-fm	/api/workflows/versions/*
DELETE	/api/xianyu/delete/:id	hivemtk-user/internal/controller.(*XianyuCardController).Delete-fm	/api/xianyu/delete/*
DELETE	/api/xiaohongshu/delete/:id	hivemtk-user/internal/controller.(*XiaohongshuCardController).Delete-fm	/api/xiaohongshu/delete/*
GET	/api/ab-experiments	hivemtk-user/internal/ops/controller.(*ABExperimentController).GetExperimentList-fm	/api/ab-experiments
GET	/api/ab-experiments/:id	hivemtk-user/internal/ops/controller.(*ABExperimentController).GetExperiment-fm	/api/ab-experiments/*
GET	/api/ab-experiments/:id/conversion-events	hivemtk-user/internal/ops/controller.(*ABExperimentController).GetConversionEvents-fm	/api/ab-experiments/*/conversion-events
GET	/api/ab-experiments/:id/cuped	hivemtk-user/internal/ops/controller.(*ABExperimentController).GetExperimentCUPED-fm	/api/ab-experiments/*/cuped
GET	/api/ab-experiments/:id/diagnostics	hivemtk-user/internal/ops/controller.(*ABExperimentController).GetExperimentDiagnostics-fm	/api/ab-experiments/*/diagnostics
GET	/api/ab-experiments/:id/results	hivemtk-user/internal/ops/controller.(*ABExperimentController).GetExperimentResults-fm	/api/ab-experiments/*/results
GET	/api/ab-experiments/:id/stats	hivemtk-user/internal/ops/controller.(*ABExperimentController).GetAdvancedStats-fm	/api/ab-experiments/*/stats
GET	/api/admin/tuning/bandit/arms	hivemtk-user/internal/controller.(*TuningController).ListBanditArms-fm	/api/admin/tuning/bandit/arms
GET	/api/admin/tuning/confidence/calibrations	hivemtk-user/internal/controller.(*TuningController).ListCalibrations-fm	/api/admin/tuning/confidence/calibrations
GET	/api/admin/tuning/confidence/policies	hivemtk-user/internal/controller.(*TuningController).ListThresholdPolicies-fm	/api/admin/tuning/confidence/policies
GET	/api/admin/tuning/confidence/signals	hivemtk-user/internal/controller.(*TuningController).ListConfidenceSignals-fm	/api/admin/tuning/confidence/signals
GET	/api/admin/tuning/confidence/signals/:id	hivemtk-user/internal/controller.(*TuningController).GetConfidenceSignal-fm	/api/admin/tuning/confidence/signals/*
GET	/api/admin/tuning/confidence/signals/stats	hivemtk-user/internal/controller.(*TuningController).StatsConfidenceSignals-fm	/api/admin/tuning/confidence/signals/stats
GET	/api/admin/tuning/feedback/dialogues	hivemtk-user/internal/controller.(*TuningController).ListChampionDialogues-fm	/api/admin/tuning/feedback/dialogues
GET	/api/admin/tuning/feedback/events	hivemtk-user/internal/controller.(*TuningController).ListFeedbackEvents-fm	/api/admin/tuning/feedback/events
GET	/api/admin/tuning/feedback/events/stats	hivemtk-user/internal/controller.(*TuningController).StatsFeedbackEvents-fm	/api/admin/tuning/feedback/events/stats
GET	/api/admin/tuning/humanize/baselines	hivemtk-user/internal/controller.(*TuningController).ListChampionBaselines-fm	/api/admin/tuning/humanize/baselines
GET	/api/admin/tuning/humanize/low-quality	hivemtk-user/internal/controller.(*TuningController).ListLowQualitySamples-fm	/api/admin/tuning/humanize/low-quality
GET	/api/admin/tuning/humanize/scores	hivemtk-user/internal/controller.(*TuningController).ListHumanizeScores-fm	/api/admin/tuning/humanize/scores
GET	/api/admin/tuning/humanize/scores/stats	hivemtk-user/internal/controller.(*TuningController).StatsHumanizeScores-fm	/api/admin/tuning/humanize/scores/stats
GET	/api/admin/tuning/prompt/candidates	hivemtk-user/internal/controller.(*TuningController).ListPromptCandidates-fm	/api/admin/tuning/prompt/candidates
GET	/api/agent-kb-bindings/by-agent/:agentId	hivemtk-user/internal/controller.(*AgentKBBindingController).ListByAgent-fm	/api/agent-kb-bindings/by-agent/*
GET	/api/agent-kb-bindings/by-kb/:kbId	hivemtk-user/internal/controller.(*AgentKBBindingController).ListByKB-fm	/api/agent-kb-bindings/by-kb/*
GET	/api/agent/order-drafts/stats	hivemtk-user/internal/router.handleOrderDraftStats	/api/agent/order-drafts/stats
GET	/api/agents/:id	hivemtk-user/internal/controller.(*AgentStatusController).GetAgentStatus-fm	/api/agents/*
GET	/api/agents/:id/sessions	hivemtk-user/internal/controller.(*AgentStatusController).GetAgentSessions-fm	/api/agents/*/sessions
GET	/api/agents/all	hivemtk-user/internal/controller.(*AgentStatusController).ListAllAgents-fm	/api/agents/all
GET	/api/agents/me	hivemtk-user/internal/controller.(*AgentStatusController).GetMyAgent-fm	/api/agents/me
GET	/api/agents/online	hivemtk-user/internal/controller.(*AgentStatusController).GetOnlineAgents-fm	/api/agents/online
GET	/api/ai-agents	hivemtk-user/internal/controller.(*AIAgentController).List-fm	/api/ai-agents
GET	/api/ai-agents-enabled	hivemtk-user/internal/controller.(*AIAgentController).ListEnabled-fm	/api/ai-agents-enabled
GET	/api/ai-agents/:id	hivemtk-user/internal/controller.(*AIAgentController).Get-fm	/api/ai-agents/*
GET	/api/ai-agents/:id/context	hivemtk-user/internal/controller.(*AIAgentController).GetContext-fm	/api/ai-agents/*/context
GET	/api/ai-productivity/overview	hivemtk-user/internal/ops/controller.(*AIProductivityController).GetReport-fm	/api/ai-productivity/overview
GET	/api/ai-productivity/trend	hivemtk-user/internal/ops/controller.(*AIProductivityController).GetDailyTrend-fm	/api/ai-productivity/trend
GET	/api/ai-suggestions/:session_id	hivemtk-user/internal/controller.(*AISuggestionController).GetSuggestions-fm	/api/ai-suggestions/*
GET	/api/ai-tools	hivemtk-user/internal/controller.(*AIToolConfigController).ListTools-fm	/api/ai-tools
GET	/api/ai-tools/:name	hivemtk-user/internal/controller.(*AIToolConfigController).GetTool-fm	/api/ai-tools/*
GET	/api/ai-tools/:name/accounts	hivemtk-user/internal/controller.(*AIToolConfigController).GetToolAccounts-fm	/api/ai-tools/*/accounts
GET	/api/ai/sales-cockpit	hivemtk-user/internal/controller.(*SalesCockpitController).GetCockpit-fm	/api/ai/sales-cockpit
GET	/api/analytics/ai-performance	hivemtk-user/internal/controller.(*GrowthController).AIPerformance-fm	/api/analytics/ai-performance
GET	/api/analytics/cohort	hivemtk-user/internal/controller.(*AnalyticsGapController).Cohort-fm	/api/analytics/cohort
GET	/api/analytics/path	hivemtk-user/internal/controller.(*AnalyticsGapController).Path-fm	/api/analytics/path
GET	/api/analytics/persona/staffs	hivemtk-user/internal/controller.(*SalesPersonaController).ListStaffs-fm	/api/analytics/persona/staffs
GET	/api/analytics/persona/staffs/:id	hivemtk-user/internal/controller.(*SalesPersonaController).GetReport-fm	/api/analytics/persona/staffs/*
GET	/api/asset-bundle/:id	hivemtk-user/internal/controller.(*AssetBundleController).Get-fm	/api/asset-bundle/*
GET	/api/asset-bundle/by-aid/:aid	hivemtk-user/internal/controller.(*AssetBundleController).GetByAssetID-fm	/api/asset-bundle/by-aid/*
GET	/api/auth/current-user	hivemtk-user/internal/controller.(*AuthController).GetCurrentUser-fm	/api/auth/current-user
GET	/api/auth/notifications	hivemtk-user/internal/controller.(*NotificationController).List-fm	/api/auth/notifications
GET	/api/backup/:id/preview	hivemtk-user/internal/controller.(*BackupGapController).Preview-fm	/api/backup/*/preview
GET	/api/backup/list	hivemtk-user/internal/controller.(*BackupGapController).List-fm	/api/backup/list
GET	/api/backup/stats	hivemtk-user/internal/controller.(*BackupGapController).Stats-fm	/api/backup/stats
GET	/api/backups	hivemtk-user/internal/controller.(*BackupController).GetBackupList-fm	/api/backups
GET	/api/backups/:id	hivemtk-user/internal/controller.(*BackupController).GetBackupByID-fm	/api/backups/*
GET	/api/bad-cases	hivemtk-user/internal/controller.(*BadCaseController).List-fm	/api/bad-cases
GET	/api/batch/histories	hivemtk-user/internal/content/controller.(*BatchOperationController).GetHistories-fm	/api/batch/histories
GET	/api/batch/histories/:id	hivemtk-user/internal/content/controller.(*BatchOperationController).GetHistoryByID-fm	/api/batch/histories/*
GET	/api/batch/template	hivemtk-user/internal/content/controller.(*BatchImportController).DownloadTemplate-fm	/api/batch/template
GET	/api/batch/tools	hivemtk-user/internal/content/controller.(*BatchOperationController).GetTools-fm	/api/batch/tools
GET	/api/bridge/capabilities	hivemtk-user/internal/controller.(*BridgeCapabilitiesController).GetCapabilities-fm	/api/bridge/capabilities
GET	/api/bridge/outbox	hivemtk-user/internal/bridge.(*BridgeIngestHandler).GetBridgeOutbox-fm	/api/bridge/outbox
GET	/api/bridge/outbox/sse	hivemtk-user/internal/bridge.(*BridgeIngestHandler).HandleOutboxSSE-fm	/api/bridge/outbox/sse
GET	/api/bridge/token/status	hivemtk-user/internal/controller.(*BridgeTokenController).GetStatus-fm	/api/bridge/token/status
GET	/api/browser-automation/cron	hivemtk-user/internal/browser_automation/controller.(*CronController).List-fm	/api/browser-automation/cron
GET	/api/browser-automation/host/status	hivemtk-user/internal/browser_automation/controller.(*HostController).GetStatus-fm	/api/browser-automation/host/status
GET	/api/browser-automation/platforms	hivemtk-user/internal/browser_automation/controller.(*PlatformController).List-fm	/api/browser-automation/platforms
GET	/api/browser-automation/platforms/:id/locators	hivemtk-user/internal/browser_automation/controller.(*PlatformController).Locators-fm	/api/browser-automation/platforms/*/locators
GET	/api/browser-automation/sessions	hivemtk-user/internal/browser_automation/controller.(*SessionController).List-fm	/api/browser-automation/sessions
GET	/api/browser-automation/sessions/:id	hivemtk-user/internal/browser_automation/controller.(*SessionController).Get-fm	/api/browser-automation/sessions/*
GET	/api/browser-automation/sessions/:id/confirm-gate	hivemtk-user/internal/browser_automation/controller.(*SessionController).ConfirmGate-fm	/api/browser-automation/sessions/*/confirm-gate
GET	/api/browser-automation/sessions/:id/export	hivemtk-user/internal/browser_automation/controller.(*SessionController).Export-fm	/api/browser-automation/sessions/*/export
GET	/api/browser-automation/sessions/:id/logs	hivemtk-user/internal/browser_automation/controller.(*SessionController).ListLogs-fm	/api/browser-automation/sessions/*/logs
GET	/api/browser-automation/sessions/:id/steps	hivemtk-user/internal/browser_automation/controller.(*SessionController).ListSteps-fm	/api/browser-automation/sessions/*/steps
GET	/api/browser-automation/tasks	hivemtk-user/internal/browser_automation/controller.(*TaskController).List-fm	/api/browser-automation/tasks
GET	/api/browser-automation/tasks/:id	hivemtk-user/internal/browser_automation/controller.(*TaskController).Get-fm	/api/browser-automation/tasks/*
GET	/api/browser-automation/tasks/:id/receipts	hivemtk-user/internal/browser_automation/controller.(*TaskController).ListReceipts-fm	/api/browser-automation/tasks/*/receipts
GET	/api/browser-automation/tasks/:id/sessions	hivemtk-user/internal/browser_automation/controller.(*SessionController).ListByTask-fm	/api/browser-automation/tasks/*/sessions
GET	/api/capabilities	hivemtk-user/internal/controller.CapabilityMatrix	/api/capabilities
GET	/api/channel-agent-bindings	hivemtk-user/internal/controller.(*ChannelAgentBindingController).List-fm	/api/channel-agent-bindings
GET	/api/channel-agent-bindings/by-agent/:agent_id	hivemtk-user/internal/controller.(*ChannelAgentBindingController).ListByAgent-fm	/api/channel-agent-bindings/by-agent/*
GET	/api/chat-channels	hivemtk-user/internal/controller.(*ChatChannelController).List-fm	/api/chat-channels
GET	/api/chat-channels/:channel_id	hivemtk-user/internal/controller.(*ChatChannelController).Get-fm	/api/chat-channels/*
GET	/api/chat/public/agents/available	hivemtk-user/internal/controller.(*ChatPublicController).CountAvailableAgents-fm	/api/chat/public/agents/available
GET	/api/chat/public/channel/:app_key/info	hivemtk-user/internal/controller.(*ChatPublicController).GetChannelInfoByAppKey-fm	/api/chat/public/channel/*/info
GET	/api/chat/public/sessions/:session_id/messages	hivemtk-user/internal/controller.(*ChatPublicController).GetMessages-fm	/api/chat/public/sessions/*/messages
GET	/api/chat/public/sessions/:session_id/offline-messages	hivemtk-user/internal/controller.(*ChatPublicController).GetOfflineMessages-fm	/api/chat/public/sessions/*/offline-messages
GET	/api/chat/public/sessions/active	hivemtk-user/internal/controller.(*ChatPublicController).GetActiveSession-fm	/api/chat/public/sessions/active
GET	/api/chat/public/sessions/recent-closed	hivemtk-user/internal/controller.(*ChatPublicController).GetRecentClosedSessions-fm	/api/chat/public/sessions/recent-closed
GET	/api/chat/public/upload-token	hivemtk-user/internal/controller.(*ChatPublicController).GetUploadToken-fm	/api/chat/public/upload-token
GET	/api/churn-prediction	hivemtk-user/internal/ops/controller.(*ChurnPredictionController).GetChurnPredictions-fm	/api/churn-prediction
GET	/api/churn-prediction/model-config	hivemtk-user/internal/ops/controller.(*ChurnPredictionController).GetModelConfig-fm	/api/churn-prediction/model-config
GET	/api/churn-prediction/statistics	hivemtk-user/internal/ops/controller.(*ChurnPredictionController).GetChurnStatistics-fm	/api/churn-prediction/statistics
GET	/api/churn-prediction/users	hivemtk-user/internal/ops/controller.(*ChurnPredictionController).GetHighRiskUsers-fm	/api/churn-prediction/users
GET	/api/churn-prediction/warnings	hivemtk-user/internal/ops/controller.(*ChurnPredictionController).GetChurnWarnings-fm	/api/churn-prediction/warnings
GET	/api/churn/prediction	hivemtk-user/internal/ops/controller.(*ChurnPredictionController).GetChurnPrediction-fm	/api/churn/prediction
GET	/api/churn/risk-distribution	hivemtk-user/internal/ops/controller.(*ChurnPredictionController).GetRiskDistribution-fm	/api/churn/risk-distribution
GET	/api/churn/unhandled-warnings	hivemtk-user/internal/ops/controller.(*ChurnPredictionController).GetUnhandledWarnings-fm	/api/churn/unhandled-warnings
GET	/api/clues/import	hivemtk-user/internal/controller.(*ClueController).GetClueTypes-fm	/api/clues/import
GET	/api/clues/list	hivemtk-user/internal/controller.(*ClueController).GetClueList-fm	/api/clues/list
GET	/api/clues/statistics	hivemtk-user/internal/controller.(*ClueController).GetClueStatistics-fm	/api/clues/statistics
GET	/api/community/groups	hivemtk-user/internal/controller.(*CommunityController).GetGroups-fm	/api/community/groups
GET	/api/community/groups/:id	hivemtk-user/internal/controller.(*CommunityController).GetGroupByID-fm	/api/community/groups/*
GET	/api/community/members	hivemtk-user/internal/controller.(*CommunityController).GetMembers-fm	/api/community/members
GET	/api/community/messages	hivemtk-user/internal/controller.(*CommunityController).GetMessages-fm	/api/community/messages
GET	/api/community/stats	hivemtk-user/internal/controller.(*CommunityController).GetStatistics-fm	/api/community/stats
GET	/api/conversion-funnels	hivemtk-user/internal/ops/controller.(*ConversionFunnelController).GetFunnel-fm	/api/conversion-funnels
GET	/api/conversion-funnels/stage	hivemtk-user/internal/ops/controller.(*ConversionFunnelController).GetStageDetails-fm	/api/conversion-funnels/stage
GET	/api/csat/negative	hivemtk-user/internal/controller.(*CSATController).Negative-fm	/api/csat/negative
GET	/api/csat/stats	hivemtk-user/internal/controller.(*CSATController).Stats-fm	/api/csat/stats
GET	/api/csat/template	hivemtk-user/internal/controller.(*CSATController).GetTemplate-fm	/api/csat/template
GET	/api/csat/trend	hivemtk-user/internal/controller.(*CSATController).Trend-fm	/api/csat/trend
GET	/api/custom-reports	hivemtk-user/internal/ops/controller.(*CustomReportController).GetReportList-fm	/api/custom-reports
GET	/api/custom-reports/:id	hivemtk-user/internal/ops/controller.(*CustomReportController).GetReport-fm	/api/custom-reports/*
GET	/api/custom-reports/:id/data	hivemtk-user/internal/ops/controller.(*CustomReportController).QueryReportData-fm	/api/custom-reports/*/data
GET	/api/custom-reports/templates	hivemtk-user/internal/ops/controller.(*CustomReportController).GetPublicTemplates-fm	/api/custom-reports/templates
GET	/api/customer-360	hivemtk-user/internal/controller.(*Customer360Controller).GetCustomer360-fm	/api/customer-360
GET	/api/customer-360/basic	hivemtk-user/internal/controller.(*Customer360Controller).GetCustomerBasicInfo-fm	/api/customer-360/basic
GET	/api/customer-360/events	hivemtk-user/internal/controller.(*Customer360Controller).GetCustomerEvents-fm	/api/customer-360/events
GET	/api/customer-360/list	hivemtk-user/internal/controller.(*Customer360Controller).GetCustomerList-fm	/api/customer-360/list
GET	/api/customer-360/orders	hivemtk-user/internal/controller.(*Customer360Controller).GetCustomerOrders-fm	/api/customer-360/orders
GET	/api/customer-360/sessions	hivemtk-user/internal/controller.(*Customer360Controller).GetCustomerSessions-fm	/api/customer-360/sessions
GET	/api/customer-360/stats	hivemtk-user/internal/controller.(*Customer360Controller).GetCustomerStats-fm	/api/customer-360/stats
GET	/api/customer-360/tag-rules	hivemtk-user/internal/controller.(*Customer360Controller).ListTagRules-fm	/api/customer-360/tag-rules
GET	/api/customer-360/tag-stats	hivemtk-user/internal/controller.(*Customer360Controller).GetTagStats-fm	/api/customer-360/tag-stats
GET	/api/customer-360/tags	hivemtk-user/internal/controller.(*Customer360Controller).GetCustomerTags-fm	/api/customer-360/tags
GET	/api/customer-events/list	hivemtk-user/internal/controller.(*CustomerEventController).ListGlobal-fm	/api/customer-events/list
GET	/api/customer-journey/by-stage	hivemtk-user/internal/controller.(*CustomerJourneyController).ListByStage-fm	/api/customer-journey/by-stage
GET	/api/customer-journey/overview	hivemtk-user/internal/controller.(*CustomerJourneyController).GetOverview-fm	/api/customer-journey/overview
GET	/api/customer-journey/stages	hivemtk-user/internal/controller.(*CustomerJourneyController).ListStages-fm	/api/customer-journey/stages
GET	/api/customer-oneid/:customer_id/identities	hivemtk-user/internal/controller.(*CustomerOneIDController).GetIdentityMappings-fm	/api/customer-oneid/*/identities
GET	/api/customer-service-agents	hivemtk-user/internal/controller.(*CustomerServiceAgentController).List-fm	/api/customer-service-agents
GET	/api/customer-service-agents/by-ai-agent/:ai_agent_id	hivemtk-user/internal/controller.(*CustomerServiceAgentController).ListByAIAgent-fm	/api/customer-service-agents/by-ai-agent/*
GET	/api/customer-service-agents/by-user/:user_id	hivemtk-user/internal/controller.(*CustomerServiceAgentController).ListByUser-fm	/api/customer-service-agents/by-user/*
GET	/api/customer-sessions	hivemtk-user/internal/controller.(*CustomerSessionController).GetSessions-fm	/api/customer-sessions
GET	/api/customer-sessions/:id/ai-summary	hivemtk-user/internal/controller.(*SessionAIController).Get-fm	/api/customer-sessions/*/ai-summary
GET	/api/customer-sessions/:id/edit-lock	hivemtk-user/internal/controller.(*CustomerServicePlusController).GetEditLock-fm	/api/customer-sessions/*/edit-lock
GET	/api/customer-sessions/:id/internal-notes	hivemtk-user/internal/controller.(*CustomerServicePlusController).ListInternalNotes-fm	/api/customer-sessions/*/internal-notes
GET	/api/customer-sessions/:id/messages	hivemtk-user/internal/controller.(*CustomerSessionController).GetMessages-fm	/api/customer-sessions/*/messages
GET	/api/customer-sessions/:id/transcript	hivemtk-user/internal/controller.(*GrowthController).Transcript-fm	/api/customer-sessions/*/transcript
GET	/api/customer-sessions/blacklist	hivemtk-user/internal/controller.(*CustomerSessionController).ListActiveBlacklist-fm	/api/customer-sessions/blacklist
GET	/api/customer-sessions/blacklist/check	hivemtk-user/internal/controller.(*CustomerSessionController).IsUserBlacklisted-fm	/api/customer-sessions/blacklist/check
GET	/api/customer/oneid/conflicts	hivemtk-user/internal/controller.(*CustomerOneIDController).ListConflicts-fm	/api/customer/oneid/conflicts
GET	/api/customer/oneid/list	hivemtk-user/internal/controller.(*CustomerOneIDController).ListOneID-fm	/api/customer/oneid/list
GET	/api/customer/oneid/stats	hivemtk-user/internal/controller.(*CustomerOneIDController).OneIDStats-fm	/api/customer/oneid/stats
GET	/api/dashboards	hivemtk-user/internal/ops/controller.(*DashboardScreenController).GetScreenList-fm	/api/dashboards
GET	/api/dashboards/:id	hivemtk-user/internal/ops/controller.(*DashboardScreenController).GetScreenByID-fm	/api/dashboards/*
GET	/api/dashboards/activities	hivemtk-user/internal/ops/controller.(*DashboardScreenController).GetRealtimeActivities-fm	/api/dashboards/activities
GET	/api/dashboards/data	hivemtk-user/internal/ops/controller.(*DashboardScreenController).GetDashboardData-fm	/api/dashboards/data
GET	/api/dashboards/public/:code	hivemtk-user/internal/ops/controller.(*DashboardScreenController).PublicViewScreen-fm	/api/dashboards/public/*
GET	/api/dingtalk-app/accounts	hivemtk-user/internal/controller.(*DingTalkAppAccountController).List-fm	/api/dingtalk-app/accounts
GET	/api/domain-pool	hivemtk-user/internal/controller.(*DomainPoolController).List-fm	/api/domain-pool
GET	/api/domain-pool/:id	hivemtk-user/internal/controller.(*DomainPoolController).GetByID-fm	/api/domain-pool/*
GET	/api/domain-pool/:id/blacklist	hivemtk-user/internal/controller.(*DomainPoolController).CheckBlacklist-fm	/api/domain-pool/*/blacklist
GET	/api/domain-pool/alerts	hivemtk-user/internal/controller.(*DomainPoolController).ListAlerts-fm	/api/domain-pool/alerts
GET	/api/domain-pool/health	hivemtk-user/internal/controller.(*DomainPoolController).HealthCheckAll-fm	/api/domain-pool/health
GET	/api/douyin/:id	hivemtk-user/internal/controller.(*DouyinCardController).GetByID-fm	/api/douyin/*
GET	/api/douyin/list	hivemtk-user/internal/controller.(*DouyinCardController).GetList-fm	/api/douyin/list
GET	/api/douyin/stats/card/:id	hivemtk-user/internal/controller.(*DouyinCardStatsController).GetCardStats-fm	/api/douyin/stats/card/*
GET	/api/douyin/stats/overall	hivemtk-user/internal/controller.(*DouyinCardStatsController).GetOverallStats-fm	/api/douyin/stats/overall
GET	/api/douyin/view/:id	hivemtk-user/internal/controller.(*DouyinCardController).GetByID-fm	/api/douyin/view/*
GET	/api/email/bounces/breakdown	hivemtk-user/internal/controller.(*EmailGapController).BounceBreakdown-fm	/api/email/bounces/breakdown
GET	/api/email/deliverability	hivemtk-user/internal/controller.(*EmailGapController).Deliverability-fm	/api/email/deliverability
GET	/api/email/domain-reputation	hivemtk-user/internal/controller.(*EmailGapController).DomainReputation-fm	/api/email/domain-reputation
GET	/api/email/drafts	hivemtk-user/internal/controller.(*EmailDraftController).GetEmailDraftList-fm	/api/email/drafts
GET	/api/email/drafts/:id	hivemtk-user/internal/controller.(*EmailDraftController).GetEmailDraftDetail-fm	/api/email/drafts/*
GET	/api/email/jobs	hivemtk-user/internal/controller.(*EmailJobsController).GetEmailJobsList-fm	/api/email/jobs
GET	/api/email/jobs/:id	hivemtk-user/internal/controller.(*EmailJobsController).GetEmailJobsDetail-fm	/api/email/jobs/*
GET	/api/email/list	hivemtk-user/internal/controller.(*EmailListController).GetEmailListList-fm	/api/email/list
GET	/api/email/list/:id	hivemtk-user/internal/controller.(*EmailListController).GetEmailListDetail-fm	/api/email/list/*
GET	/api/email/lists/:id/tracking	hivemtk-user/internal/controller.(*EmailListController).GetTracking-fm	/api/email/lists/*/tracking
GET	/api/email/smtp	hivemtk-user/internal/controller.(*EmailSmtpController).GetEmailSmtpList-fm	/api/email/smtp
GET	/api/email/smtp/:id	hivemtk-user/internal/controller.(*EmailSmtpController).GetEmailSmtp-fm	/api/email/smtp/*
GET	/api/events/stats	hivemtk-user/internal/controller.(*CustomerEventController).GetEventStats-fm	/api/events/stats
GET	/api/faqs	hivemtk-user/internal/controller.(*FAQController).List-fm	/api/faqs
GET	/api/faqs/:id	hivemtk-user/internal/controller.(*FAQController).Get-fm	/api/faqs/*
GET	/api/faqs/stats	hivemtk-user/internal/controller.(*FAQController).Stats-fm	/api/faqs/stats
GET	/api/feishu/accounts	hivemtk-user/internal/controller.(*FeishuAccountController).List-fm	/api/feishu/accounts
GET	/api/feishu/accounts/:id	hivemtk-user/internal/controller.(*FeishuAccountController).Get-fm	/api/feishu/accounts/*
GET	/api/feishu/accounts/:id/refresh-token	hivemtk-user/internal/controller.(*FeishuAccountController).RefreshToken-fm	/api/feishu/accounts/*/refresh-token
GET	/api/feishu/accounts/:id/test-send	hivemtk-user/internal/controller.(*FeishuAccountController).TestSendQuery-fm	/api/feishu/accounts/*/test-send
GET	/api/geo/alerts	hivemtk-user/internal/geo/controller.(*AlertController).List-fm	/api/geo/alerts
GET	/api/geo/alerts/unread-count	hivemtk-user/internal/geo/controller.(*AlertController).UnreadCount-fm	/api/geo/alerts/unread-count
GET	/api/geo/competitors	hivemtk-user/internal/geo/controller.(*CompetitorController).List-fm	/api/geo/competitors
GET	/api/geo/competitors/:id	hivemtk-user/internal/geo/controller.(*CompetitorController).Get-fm	/api/geo/competitors/*
GET	/api/geo/config	hivemtk-user/internal/geo/controller.(*ConfigController).GetConfig-fm	/api/geo/config
GET	/api/geo/content/:id	hivemtk-user/internal/geo/controller.(*ContentController).GetArticleByID-fm	/api/geo/content/*
GET	/api/geo/content/list	hivemtk-user/internal/geo/controller.(*ContentController).GetArticleList-fm	/api/geo/content/list
GET	/api/geo/crawler-stats	hivemtk-user/internal/geo/controller.(*ReportController).CrawlerStats-fm	/api/geo/crawler-stats
GET	/api/geo/decision/report	hivemtk-user/internal/geo/controller.(*GeoDecisionController).GetDecisionReport-fm	/api/geo/decision/report
GET	/api/geo/decision/tasks	hivemtk-user/internal/geo/controller.(*GeoDecisionController).GetTasks-fm	/api/geo/decision/tasks
GET	/api/geo/entity/:id/graph	hivemtk-user/internal/geo/controller.(*EntityController).GetGraph-fm	/api/geo/entity/*/graph
GET	/api/geo/entity/list	hivemtk-user/internal/geo/controller.(*EntityController).ListEntities-fm	/api/geo/entity/list
GET	/api/geo/index-tracking/funnel	hivemtk-user/internal/geo/controller.(*IndexTrackerController).FunnelStats-fm	/api/geo/index-tracking/funnel
GET	/api/geo/kb/documents	hivemtk-user/internal/geo/controller.(*KBController).List-fm	/api/geo/kb/documents
GET	/api/geo/kb/documents/:id	hivemtk-user/internal/geo/controller.(*KBController).Get-fm	/api/geo/kb/documents/*
GET	/api/geo/kb/search	hivemtk-user/internal/geo/controller.(*KBController).Search-fm	/api/geo/kb/search
GET	/api/geo/keyword-mining/funnel	hivemtk-user/internal/geo/controller.(*KeywordMiningController).BuildFunnel-fm	/api/geo/keyword-mining/funnel
GET	/api/geo/keywords/list	hivemtk-user/internal/geo/controller.(*KeywordController).GetKeywordList-fm	/api/geo/keywords/list
GET	/api/geo/platform/accounts	hivemtk-user/internal/geo/controller.(*PlatformController).ListAccounts-fm	/api/geo/platform/accounts
GET	/api/geo/platform/platforms	hivemtk-user/internal/geo/controller.(*PlatformController).ListPlatforms-fm	/api/geo/platform/platforms
GET	/api/geo/platform/records	hivemtk-user/internal/geo/controller.(*PlatformController).ListPublishRecords-fm	/api/geo/platform/records
GET	/api/geo/probe/engines	hivemtk-user/internal/geo/controller.(*ProbeController).ListAvailableEngines-fm	/api/geo/probe/engines
GET	/api/geo/probe/runs	hivemtk-user/internal/geo/controller.(*ProbeController).ListRuns-fm	/api/geo/probe/runs
GET	/api/geo/push/quota	hivemtk-user/internal/geo/controller.(*PushController).QuotaStatus-fm	/api/geo/push/quota
GET	/api/geo/push/sitemap	hivemtk-user/internal/geo/controller.(*PushController).GenerateSitemap-fm	/api/geo/push/sitemap
GET	/api/geo/pushers	hivemtk-user/internal/geo/controller.(*GeoPusherConfigController).List-fm	/api/geo/pushers
GET	/api/geo/pushers/:id	hivemtk-user/internal/geo/controller.(*GeoPusherConfigController).Get-fm	/api/geo/pushers/*
GET	/api/geo/reports/api-costs	hivemtk-user/internal/geo/controller.(*ReportController).GetAPICosts-fm	/api/geo/reports/api-costs
GET	/api/geo/reports/roi	hivemtk-user/internal/geo/controller.(*ReportController).GetROI-fm	/api/geo/reports/roi
GET	/api/geo/reports/summary	hivemtk-user/internal/geo/controller.(*ReportController).GetReport-fm	/api/geo/reports/summary
GET	/api/geo/schema-templates	hivemtk-user/internal/geo/controller.(*GeoSchemaTemplateController).List-fm	/api/geo/schema-templates
GET	/api/geo/schema-templates/:id	hivemtk-user/internal/geo/controller.(*GeoSchemaTemplateController).Get-fm	/api/geo/schema-templates/*
GET	/api/geo/site/llms-txt-preview	hivemtk-user/internal/geo/controller.(*SiteController).LlmsTxtPreview-fm	/api/geo/site/llms-txt-preview
GET	/api/geo/site/robots-preview	hivemtk-user/internal/geo/controller.(*SiteController).RobotsTxtPreview-fm	/api/geo/site/robots-preview
GET	/api/geo/sites	hivemtk-user/internal/geo/controller.(*GeoSiteController).List-fm	/api/geo/sites
GET	/api/geo/sites/:id	hivemtk-user/internal/geo/controller.(*GeoSiteController).Get-fm	/api/geo/sites/*
GET	/api/geo/source-catalog/levels	hivemtk-user/internal/geo/controller.(*SourceCatalogController).LookupLevels-fm	/api/geo/source-catalog/levels
GET	/api/geo/sov	hivemtk-user/internal/geo/controller.(*ReportController).ShareOfVoice-fm	/api/geo/sov
GET	/api/geo/sov/trend	hivemtk-user/internal/geo/controller.(*ReportController).ShareOfVoiceTrend-fm	/api/geo/sov/trend
GET	/api/geo/verification/results/:article_id	hivemtk-user/internal/geo/controller.(*VerificationController).GetVerifyResults-fm	/api/geo/verification/results/*
GET	/api/geo/visibility/engine-compare	hivemtk-user/internal/geo/controller.(*VisibilityController).EngineCompare-fm	/api/geo/visibility/engine-compare
GET	/api/geo/workflow/templates	hivemtk-user/internal/geo/controller.(*WorkflowController).ListTemplates-fm	/api/geo/workflow/templates
GET	/api/geo/workflow/workflows	hivemtk-user/internal/geo/controller.(*WorkflowController).List-fm	/api/geo/workflow/workflows
GET	/api/geo/workflow/workflows/:id	hivemtk-user/internal/geo/controller.(*WorkflowController).Get-fm	/api/geo/workflow/workflows/*
GET	/api/geo/workflow/workflows/:id/executions	hivemtk-user/internal/geo/controller.(*WorkflowController).ListExecutions-fm	/api/geo/workflow/workflows/*/executions
GET	/api/glossaries	hivemtk-user/internal/controller.(*GlossaryController).List-fm	/api/glossaries
GET	/api/glossaries/:term_id	hivemtk-user/internal/controller.(*GlossaryController).Get-fm	/api/glossaries/*
GET	/api/health	hivemtk-user/internal/controller.(*SystemInfoController).Health-fm	/api/health
GET	/api/human-tasks	hivemtk-user/internal/controller.(*HumanTaskController).List-fm	/api/human-tasks
GET	/api/i18n/stats	hivemtk-user/internal/controller.(*I18nStatsController).GetStats-fm	/api/i18n/stats
GET	/api/i18n/stats/cache	hivemtk-user/internal/controller.(*I18nStatsController).GetCacheHitRate-fm	/api/i18n/stats/cache
GET	/api/i18n/stats/glossary	hivemtk-user/internal/controller.(*I18nStatsController).GetGlossaryCoverage-fm	/api/i18n/stats/glossary
GET	/api/i18n/stats/lang-dist	hivemtk-user/internal/controller.(*I18nStatsController).GetLangDistribution-fm	/api/i18n/stats/lang-dist
GET	/api/i18n/stats/latency	hivemtk-user/internal/controller.(*I18nStatsController).GetLatencyStats-fm	/api/i18n/stats/latency
GET	/api/i18n/stats/quality	hivemtk-user/internal/controller.(*I18nStatsController).GetQualityTrend-fm	/api/i18n/stats/quality
GET	/api/inbox/assignments	hivemtk-user/internal/controller.(*InboxController).ListAssignments-fm	/api/inbox/assignments
GET	/api/inbox/conversations	hivemtk-user/internal/controller.(*InboxController).List-fm	/api/inbox/conversations
GET	/api/inbox/conversations/:id	hivemtk-user/internal/controller.(*InboxController).GetByID-fm	/api/inbox/conversations/*
GET	/api/inbox/conversations/:id/messages	hivemtk-user/internal/controller.(*InboxController).GetMessages-fm	/api/inbox/conversations/*/messages
GET	/api/inbox/stats	hivemtk-user/internal/controller.(*InboxController).Stats-fm	/api/inbox/stats
GET	/api/integration/external-customers	hivemtk-user/internal/controller.(*IntegrationController).GetExternalCustomers-fm	/api/integration/external-customers
GET	/api/integration/external-orders	hivemtk-user/internal/controller.(*IntegrationController).GetExternalOrders-fm	/api/integration/external-orders
GET	/api/integration/external-orders-by-customer	hivemtk-user/internal/controller.(*IntegrationController).GetExternalOrdersByCustomer-fm	/api/integration/external-orders-by-customer
GET	/api/integration/external-products	hivemtk-user/internal/controller.(*IntegrationController).GetExternalProducts-fm	/api/integration/external-products
GET	/api/integration/sync-logs	hivemtk-user/internal/controller.(*IntegrationController).GetSyncLogs-fm	/api/integration/sync-logs
GET	/api/integrations	hivemtk-user/internal/controller.(*IntegrationController).GetAccountList-fm	/api/integrations
GET	/api/integrations/:id	hivemtk-user/internal/controller.(*IntegrationController).GetAccountByID-fm	/api/integrations/*
GET	/api/intent-records/keywords-override	hivemtk-user/internal/controller.(*IntentController).GetKeywordOverride-fm	/api/intent-records/keywords-override
GET	/api/intent/config	hivemtk-user/internal/controller.(*IntentController).GetConfig-fm	/api/intent/config
GET	/api/intent/dict	hivemtk-user/internal/controller.(*IntentController).Intents-fm	/api/intent/dict
GET	/api/intent/logs	hivemtk-user/internal/controller.(*IntentController).IntentLogs-fm	/api/intent/logs
GET	/api/intent/recent	hivemtk-user/internal/controller.(*IntentController).RecentIntents-fm	/api/intent/recent
GET	/api/intent/stats	hivemtk-user/internal/controller.(*IntentController).Stats-fm	/api/intent/stats
GET	/api/intent/stats/fine	hivemtk-user/internal/controller.(*IntentController).IntentStatsFine-fm	/api/intent/stats/fine
GET	/api/kb-connectors	hivemtk-user/internal/controller.ListKBConnectors	/api/kb-connectors
GET	/api/knowledge-bases	hivemtk-user/internal/controller.(*KnowledgeBaseController).List-fm	/api/knowledge-bases
GET	/api/knowledge-bases/:id	hivemtk-user/internal/controller.(*KnowledgeBaseController).Get-fm	/api/knowledge-bases/*
GET	/api/knowledge-bases/:id/stats	hivemtk-user/internal/controller.(*KnowledgeBaseController).Stats-fm	/api/knowledge-bases/*/stats
GET	/api/knowledge-bases/by-type/:type	hivemtk-user/internal/controller.(*KnowledgeBaseController).ListByType-fm	/api/knowledge-bases/by-type/*
GET	/api/knowledge-merchant/documents/:id/chunks	hivemtk-user/internal/aiagent/knowledge/controller.(*KnowledgeMerchantController).ListDocumentChunks-fm	/api/knowledge-merchant/documents/*/chunks
GET	/api/knowledge-merchant/external/jobs	hivemtk-user/internal/aiagent/knowledge/controller.(*KnowledgeMerchantController).ListExternalJobs-fm	/api/knowledge-merchant/external/jobs
GET	/api/knowledge-merchant/feedbacks	hivemtk-user/internal/aiagent/knowledge/controller.(*KnowledgeMerchantController).ListFeedbacks-fm	/api/knowledge-merchant/feedbacks
GET	/api/knowledge-merchant/tokens	hivemtk-user/internal/aiagent/knowledge/controller.(*KnowledgeMerchantController).ListTokens-fm	/api/knowledge-merchant/tokens
GET	/api/knowledge/connectors	go:interface { Get(*github.com/gin-gonic/gin.Context); List(*github.com/gin-gonic/gin.Context); Pull(*github.com/gin-gonic/gin.Context); Save(*github.com/gin-gonic/gin.Context); Test(*github.com/gin-gonic/gin.Context) }.List-fm	/api/knowledge/connectors
GET	/api/knowledge/connectors/:source	go:interface { Get(*github.com/gin-gonic/gin.Context); List(*github.com/gin-gonic/gin.Context); Pull(*github.com/gin-gonic/gin.Context); Save(*github.com/gin-gonic/gin.Context); Test(*github.com/gin-gonic/gin.Context) }.Get-fm	/api/knowledge/connectors/*
GET	/api/knowledge/documents	hivemtk-user/internal/aiagent/knowledge/controller.(*KnowledgeWorkspaceController).ListDocuments-fm	/api/knowledge/documents
GET	/api/knowledge/documents/:id	hivemtk-user/internal/aiagent/knowledge/controller.(*KnowledgeWorkspaceController).GetDocument-fm	/api/knowledge/documents/*
GET	/api/knowledge/documents/:id/chunks	hivemtk-user/internal/aiagent/knowledge/controller.(*KnowledgeWorkspaceController).GetDocumentChunks-fm	/api/knowledge/documents/*/chunks
GET	/api/knowledge/documents/:id/progress	hivemtk-user/internal/aiagent/knowledge/controller.(*KnowledgeWorkspaceController).GetDocumentProgress-fm	/api/knowledge/documents/*/progress
GET	/api/knowledge/import-logs	hivemtk-user/internal/aiagent/knowledge/controller.(*KnowledgeWorkspaceController).ListImportLogs-fm	/api/knowledge/import-logs
GET	/api/knowledge/openapi/sources	hivemtk-user/internal/aiagent/knowledge/controller.(*KnowledgeWorkspaceController).ListOpenAPISources-fm	/api/knowledge/openapi/sources
GET	/api/knowledge/openapi/sources/:id	hivemtk-user/internal/aiagent/knowledge/controller.(*KnowledgeWorkspaceController).GetOpenAPISource-fm	/api/knowledge/openapi/sources/*
GET	/api/knowledge/products/:product_id/overview	hivemtk-user/internal/aiagent/knowledge/controller.(*KnowledgeWorkspaceController).GetProductOverview-fm	/api/knowledge/products/*/overview
GET	/api/knowledge/stats/documents	hivemtk-user/internal/aiagent/knowledge/controller.(*KnowledgeWorkspaceController).GetDocumentStats-fm	/api/knowledge/stats/documents
GET	/api/knowledge/stats/imports	hivemtk-user/internal/aiagent/knowledge/controller.(*KnowledgeWorkspaceController).GetImportStats-fm	/api/knowledge/stats/imports
GET	/api/knowledge/stats/openapi	hivemtk-user/internal/aiagent/knowledge/controller.(*KnowledgeWorkspaceController).GetOpenAPIStats-fm	/api/knowledge/stats/openapi
GET	/api/knowledge/stats/overview	hivemtk-user/internal/aiagent/knowledge/controller.(*KnowledgeWorkspaceController).GetOverviewStats-fm	/api/knowledge/stats/overview
GET	/api/knowledge/stats/searches	hivemtk-user/internal/aiagent/knowledge/controller.(*KnowledgeWorkspaceController).GetSearchStats-fm	/api/knowledge/stats/searches
GET	/api/kuaishou/:id	hivemtk-user/internal/controller.(*KuaishouCardController).GetByID-fm	/api/kuaishou/*
GET	/api/kuaishou/list	hivemtk-user/internal/controller.(*KuaishouCardController).GetList-fm	/api/kuaishou/list
GET	/api/kuaishou/stats/card/:id	hivemtk-user/internal/controller.(*KuaishouCardStatsController).GetCardStats-fm	/api/kuaishou/stats/card/*
GET	/api/kuaishou/stats/overall	hivemtk-user/internal/controller.(*KuaishouCardStatsController).GetOverallStats-fm	/api/kuaishou/stats/overall
GET	/api/kuaishou/view/:id	hivemtk-user/internal/controller.(*KuaishouCardController).GetByID-fm	/api/kuaishou/view/*
GET	/api/lead-mining/config	hivemtk-user/internal/controller.(*LeadMiningController).GetConfig-fm	/api/lead-mining/config
GET	/api/live-codes/:id	hivemtk-user/internal/controller.(*LiveCodeController).GetByID-fm	/api/live-codes/*
GET	/api/live-codes/:id/qrcodes	hivemtk-user/internal/controller.(*LiveCodeController).GetQRCodes-fm	/api/live-codes/*/qrcodes
GET	/api/live-codes/:id/stats	hivemtk-user/internal/controller.(*LiveCodeController).GetStats-fm	/api/live-codes/*/stats
GET	/api/live-codes/list	hivemtk-user/internal/controller.(*LiveCodeController).GetList-fm	/api/live-codes/list
GET	/api/live-codes/qrcodes/:qr_id/stats	hivemtk-user/internal/controller.(*LiveCodeController).GetQRStats-fm	/api/live-codes/qrcodes/*/stats
GET	/api/llm/audit	hivemtk-user/internal/controller.(*LLMRoutingController).ListAuditHistory-fm	/api/llm/audit
GET	/api/llm/cost-stats	hivemtk-user/internal/controller.(*LLMRoutingController).CostStats-fm	/api/llm/cost-stats
GET	/api/llm/egress-alerts	hivemtk-user/internal/controller.(*LLMRoutingController).EgressAlerts-fm	/api/llm/egress-alerts
GET	/api/llm/egress-audit	hivemtk-user/internal/controller.(*LLMRoutingController).EgressAudit-fm	/api/llm/egress-audit
GET	/api/llm/fallback	hivemtk-user/internal/controller.(*LLMRoutingController).FallbackConfig-fm	/api/llm/fallback
GET	/api/llm/health	hivemtk-user/internal/controller.(*LLMRoutingController).Health-fm	/api/llm/health
GET	/api/llm/model-type-stats	hivemtk-user/internal/controller.(*LLMRoutingController).ModelTypeStats-fm	/api/llm/model-type-stats
GET	/api/llm/models	hivemtk-user/internal/controller.(*LLMRoutingController).ListModels-fm	/api/llm/models
GET	/api/llm/scenarios	hivemtk-user/internal/controller.(*LLMRoutingController).ListScenarios-fm	/api/llm/scenarios
GET	/api/llm/scene-routing	hivemtk-user/internal/controller.(*LLMRoutingController).ListStrategies-fm	/api/llm/scene-routing
GET	/api/llm/stats	hivemtk-user/internal/controller.(*LLMRoutingController).Stats-fm	/api/llm/stats
GET	/api/llm/usage	hivemtk-user/internal/controller.(*LLMRoutingController).Usage-fm	/api/llm/usage
GET	/api/ltc-rates	hivemtk-user/internal/ops/controller.(*LtcRatesController).GetLtcRates-fm	/api/ltc-rates
GET	/api/macros	hivemtk-user/internal/controller.(*MacroController).List-fm	/api/macros
GET	/api/manage/config-params	hivemtk-user/internal/controller.(*ConfigParamController).List-fm	/api/manage/config-params
GET	/api/manage/config-params/audit-logs	hivemtk-user/internal/controller.(*ConfigParamController).AuditLogs-fm	/api/manage/config-params/audit-logs
GET	/api/manage/ltc/config	hivemtk-user/internal/router.handleLTCConfigGet	/api/manage/ltc/config
GET	/api/manage/order-drafts	hivemtk-user/internal/controller.(*OrderDraftController).List-fm	/api/manage/order-drafts
GET	/api/manage/order-drafts/:id	hivemtk-user/internal/controller.(*OrderDraftController).Get-fm	/api/manage/order-drafts/*
GET	/api/marketing-flows	hivemtk-user/internal/content/controller.(*MarketingFlowController).GetFlowList-fm	/api/marketing-flows
GET	/api/marketing-flows/:id	hivemtk-user/internal/content/controller.(*MarketingFlowController).GetFlowByID-fm	/api/marketing-flows/*
GET	/api/marketing-flows/:id/executions	hivemtk-user/internal/content/controller.(*MarketingFlowController).GetExecutionList-fm	/api/marketing-flows/*/executions
GET	/api/marketing-flows/:id/stats	hivemtk-user/internal/content/controller.(*MarketingFlowController).GetExecutionStats-fm	/api/marketing-flows/*/stats
GET	/api/material/:id	hivemtk-user/internal/content/controller.(*MaterialController).GetMaterialByID-fm	/api/material/*
GET	/api/material/categories	hivemtk-user/internal/content/controller.(*MaterialController).GetMaterialCategories-fm	/api/material/categories
GET	/api/material/categories/:id	hivemtk-user/internal/content/controller.(*MaterialController).GetMaterialCategoryByID-fm	/api/material/categories/*
GET	/api/material/list	hivemtk-user/internal/content/controller.(*MaterialController).GetMaterialList-fm	/api/material/list
GET	/api/material/selector	hivemtk-user/internal/content/controller.(*MaterialController).GetMaterialSelector-fm	/api/material/selector
GET	/api/material/stats	hivemtk-user/internal/content/controller.(*MaterialController).GetMaterialStats-fm	/api/material/stats
GET	/api/mcp/credentials	hivemtk-user/internal/controller.ListMCPCredentials	/api/mcp/credentials
GET	/api/memory/context	hivemtk-user/internal/controller.(*DialogueMemoryController).BuildContext-fm	/api/memory/context
GET	/api/memory/list	hivemtk-user/internal/controller.(*DialogueMemoryController).Stats-fm	/api/memory/list
GET	/api/memory/long	hivemtk-user/internal/controller.(*DialogueMemoryController).LongTerm-fm	/api/memory/long
GET	/api/memory/short	hivemtk-user/internal/controller.(*DialogueMemoryController).ShortTerm-fm	/api/memory/short
GET	/api/mentions/mine	hivemtk-user/internal/controller.(*NotificationController).List-fm	/api/mentions/mine
GET	/api/message-hub/:id	hivemtk-user/internal/controller.(*MessageHubController).GetByID-fm	/api/message-hub/*
GET	/api/message-hub/dlq	hivemtk-user/internal/controller.(*CustomerServicePlusController).DLQList-fm	/api/message-hub/dlq
GET	/api/message-hub/list	hivemtk-user/internal/controller.(*MessageHubController).List-fm	/api/message-hub/list
GET	/api/message-hub/platforms	hivemtk-user/internal/controller.(*MessageHubController).Platforms-fm	/api/message-hub/platforms
GET	/api/message-hub/stats	hivemtk-user/internal/controller.(*MessageHubController).Stats-fm	/api/message-hub/stats
GET	/api/monitor/alerts/unread	hivemtk-user/internal/controller.(*AlertRuleController).Unread-fm	/api/monitor/alerts/unread
GET	/api/monitor/anomalies	hivemtk-user/internal/monitor.anomaliesHandler	/api/monitor/anomalies
GET	/api/monitor/health	hivemtk-user/internal/monitor.healthHandler	/api/monitor/health
GET	/api/monitor/knowledge-weights	hivemtk-user/internal/controller.(*TraceLearningController).KnowledgeWeights-fm	/api/monitor/knowledge-weights
GET	/api/monitor/latency	hivemtk-user/internal/monitor.latencyHandler	/api/monitor/latency
GET	/api/monitor/lifecycle	hivemtk-user/internal/monitor.lifecycleHandler	/api/monitor/lifecycle
GET	/api/monitor/node-health	hivemtk-user/internal/monitor.nodeHealthHandler	/api/monitor/node-health
GET	/api/monitor/trace-eval/logs	hivemtk-user/internal/controller.(*TraceLearningController).EvalLogs-fm	/api/monitor/trace-eval/logs
GET	/api/monitor/trace-tree	hivemtk-user/internal/monitor.traceTreeHandler	/api/monitor/trace-tree
GET	/api/monitor/traces	hivemtk-user/internal/monitor.tracesHandler	/api/monitor/traces
GET	/api/objection/categories	hivemtk-user/internal/controller.(*ObjectionHandlerController).ListCategories-fm	/api/objection/categories
GET	/api/obs/config	hivemtk-user/internal/controller.(*ObsConfigController).GetConfigList-fm	/api/obs/config
GET	/api/obs/config/:id	hivemtk-user/internal/controller.(*ObsConfigController).GetConfig-fm	/api/obs/config/*
GET	/api/obs/config/default	hivemtk-user/internal/controller.(*ObsConfigController).GetDefaultConfig-fm	/api/obs/config/default
GET	/api/office-hours	hivemtk-user/internal/controller.(*CustomerServicePlusController).GetOfficeHours-fm	/api/office-hours
GET	/api/oneid/merge-rules	hivemtk-user/internal/controller.(*CustomerOneIDController).GetMergeRules-fm	/api/oneid/merge-rules
GET	/api/operation-logs	hivemtk-user/internal/controller.(*OperationLogController).GetList-fm	/api/operation-logs
GET	/api/operation-logs/:id	hivemtk-user/internal/controller.(*OperationLogController).GetByID-fm	/api/operation-logs/*
GET	/api/operation-logs/export	hivemtk-user/internal/controller.(*OperationLogController).ExportLogs-fm	/api/operation-logs/export
GET	/api/operation-logs/statistics	hivemtk-user/internal/controller.(*OperationLogController).GetStatistics-fm	/api/operation-logs/statistics
GET	/api/platform-accounts	hivemtk-user/internal/controller.(*PlatformAccountController).GetAccounts-fm	/api/platform-accounts
GET	/api/platform-accounts/:id	hivemtk-user/internal/controller.(*PlatformAccountController).GetAccountByID-fm	/api/platform-accounts/*
GET	/api/platform-accounts/:id/status	hivemtk-user/internal/controller.(*PlatformAccountController).CheckLoginStatus-fm	/api/platform-accounts/*/status
GET	/api/platform-accounts/platforms	hivemtk-user/internal/controller.(*PlatformAccountController).GetSupportedPlatforms-fm	/api/platform-accounts/platforms
GET	/api/platform/message/latest	hivemtk-user/internal/controller.(*PlatformController).GetLatestMessage-fm	/api/platform/message/latest
GET	/api/public/config	hivemtk-user/internal/controller.(*AuthController).PublicConfig-fm	/api/public/config
GET	/api/public/help-center/articles	hivemtk-user/internal/controller.(*HelpCenterController).Articles-fm	/api/public/help-center/articles
GET	/api/public/help-center/articles/:id	hivemtk-user/internal/controller.(*HelpCenterController).ArticleDetail-fm	/api/public/help-center/articles/*
GET	/api/public/help-center/categories	hivemtk-user/internal/controller.(*HelpCenterController).Categories-fm	/api/public/help-center/categories
GET	/api/qq/accounts	hivemtk-user/internal/controller.(*QQAccountController).List-fm	/api/qq/accounts
GET	/api/qq/accounts/:id	hivemtk-user/internal/controller.(*QQAccountController).Get-fm	/api/qq/accounts/*
GET	/api/quick-replies	hivemtk-user/internal/controller.(*QuickReplyController).GetReplies-fm	/api/quick-replies
GET	/api/quick-replies/categories	hivemtk-user/internal/controller.(*QuickReplyController).GetReplyCategories-fm	/api/quick-replies/categories
GET	/api/rag-config/accounts/config	hivemtk-user/internal/aiagent/knowledge/controller.(*RagConfigController).GetAccountConfig-fm	/api/rag-config/accounts/config
GET	/api/rag-config/products	hivemtk-user/internal/aiagent/knowledge/controller.(*RagConfigController).ListRagProducts-fm	/api/rag-config/products
GET	/api/rag-config/products/:id	hivemtk-user/internal/aiagent/knowledge/controller.(*RagConfigController).GetRagProduct-fm	/api/rag-config/products/*
GET	/api/rag/eval/diff	hivemtk-user/internal/controller.(*RagEvalGapController).Diff-fm	/api/rag/eval/diff
GET	/api/rag/eval/latest	hivemtk-user/internal/controller.(*RagEvalGapController).Latest-fm	/api/rag/eval/latest
GET	/api/rag/eval/runs	hivemtk-user/internal/controller.(*RagEvalGapController).Runs-fm	/api/rag/eval/runs
GET	/api/rag/recall/low-recall	hivemtk-user/internal/controller.(*RagRecallMonitorController).GetLowRecallQueries-fm	/api/rag/recall/low-recall
GET	/api/rag/recall/metrics	hivemtk-user/internal/controller.(*RagRecallMonitorController).GetRecallMetrics-fm	/api/rag/recall/metrics
GET	/api/rag/recall/snapshot	hivemtk-user/internal/controller.(*RagRecallMonitorController).GetSnapshot-fm	/api/rag/recall/snapshot
GET	/api/rag/recall/snapshots	hivemtk-user/internal/controller.(*RagRecallMonitorController).ListSnapshots-fm	/api/rag/recall/snapshots
GET	/api/reach/jobs	hivemtk-user/internal/controller.(*ReachPipelineController).ListJobs-fm	/api/reach/jobs
GET	/api/reach/jobs/:id	hivemtk-user/internal/controller.(*ReachPipelineController).GetJob-fm	/api/reach/jobs/*
GET	/api/reach/pipelines	hivemtk-user/internal/controller.(*ReachPipelineController).ListPipelines-fm	/api/reach/pipelines
GET	/api/reach/pipelines/:id	hivemtk-user/internal/controller.(*ReachPipelineController).GetPipeline-fm	/api/reach/pipelines/*
GET	/api/reach/stats	hivemtk-user/internal/controller.(*ReachPipelineController).Stats-fm	/api/reach/stats
GET	/api/report-subscriptions	hivemtk-user/internal/controller.(*GrowthController).ListReportSubs-fm	/api/report-subscriptions
GET	/api/restore/last	hivemtk-user/internal/controller.(*RestoreController).GetLastRestore-fm	/api/restore/last
GET	/api/restore/list	hivemtk-user/internal/controller.(*RestoreController).GetRestoreList-fm	/api/restore/list
GET	/api/sales-workbench/overview	hivemtk-user/internal/controller.(*SalesWorkbenchController).GetOverview-fm	/api/sales-workbench/overview
GET	/api/script-library/:id/ab-stats	hivemtk-user/internal/controller.(*ScriptLibraryController).GetABStats-fm	/api/script-library/*/ab-stats
GET	/api/script-library/:id/versions	hivemtk-user/internal/controller.(*ScriptLibraryController).ListVersions-fm	/api/script-library/*/versions
GET	/api/scripts	hivemtk-user/internal/content/controller.(*ScriptTemplateController).GetTemplateList-fm	/api/scripts
GET	/api/scripts/:id	hivemtk-user/internal/content/controller.(*ScriptTemplateController).GetTemplateByID-fm	/api/scripts/*
GET	/api/scripts/categories	hivemtk-user/internal/content/controller.(*ScriptTemplateController).GetCategories-fm	/api/scripts/categories
GET	/api/scripts/public	hivemtk-user/internal/content/controller.(*ScriptTemplateController).GetPublicTemplates-fm	/api/scripts/public
GET	/api/scripts/search	hivemtk-user/internal/content/controller.(*ScriptTemplateController).SearchTemplates-fm	/api/scripts/search
GET	/api/security/audit/:id	hivemtk-user/internal/controller.(*SecurityAuditController).GetSecurityAudit-fm	/api/security/audit/*
GET	/api/security/audit/list	hivemtk-user/internal/controller.(*SecurityAuditController).ListSecurityAudits-fm	/api/security/audit/list
GET	/api/session-tags	hivemtk-user/internal/controller.(*SessionTagController).GetTags-fm	/api/session-tags
GET	/api/shortlink/:id	hivemtk-user/internal/controller.(*ShortLinkController).GetByID-fm	/api/shortlink/*
GET	/api/shortlink/:id/stats	hivemtk-user/internal/controller.(*ShortLinkStatsController).GetStats-fm	/api/shortlink/*/stats
GET	/api/shortlink/list	hivemtk-user/internal/controller.(*ShortLinkController).GetList-fm	/api/shortlink/list
GET	/api/shortlink/stats/all	hivemtk-user/internal/controller.(*ShortLinkStatsController).GetAllStats-fm	/api/shortlink/stats/all
GET	/api/sms/config	hivemtk-user/internal/controller.(*SmsController).GetConfig-fm	/api/sms/config
GET	/api/sms/detail/:id	hivemtk-user/internal/controller.(*SmsController).GetSmsDetail-fm	/api/sms/detail/*
GET	/api/sms/draft/:id	hivemtk-user/internal/controller.(*SmsController).GetDraft-fm	/api/sms/draft/*
GET	/api/sms/draft/list	hivemtk-user/internal/controller.(*SmsController).GetDraftList-fm	/api/sms/draft/list
GET	/api/sms/job/:id	hivemtk-user/internal/controller.(*SmsController).GetJob-fm	/api/sms/job/*
GET	/api/sms/job/:id/records	hivemtk-user/internal/controller.(*SmsController).GetJobRecords-fm	/api/sms/job/*/records
GET	/api/sms/job/list	hivemtk-user/internal/controller.(*SmsController).GetJobList-fm	/api/sms/job/list
GET	/api/sms/list	hivemtk-user/internal/controller.(*SmsController).GetSmsList-fm	/api/sms/list
GET	/api/sop	hivemtk-user/internal/controller.(*SOPController).List-fm	/api/sop
GET	/api/sop-templates	hivemtk-user/internal/controller.(*SOPTemplateController).List-fm	/api/sop-templates
GET	/api/sop-templates/:id	hivemtk-user/internal/controller.(*SOPTemplateController).Get-fm	/api/sop-templates/*
GET	/api/sop/:id	hivemtk-user/internal/controller.(*SOPController).Get-fm	/api/sop/*
GET	/api/sop/executions	hivemtk-user/internal/controller.(*SOPController).ListExecutions-fm	/api/sop/executions
GET	/api/sop/executions/:id	hivemtk-user/internal/controller.(*SOPController).GetExecution-fm	/api/sop/executions/*
GET	/api/sop/match	hivemtk-user/internal/controller.(*SOPController).MatchByIntent-fm	/api/sop/match
GET	/api/sop/stats	hivemtk-user/internal/controller.(*SOPController).Stats-fm	/api/sop/stats
GET	/api/stats/system	hivemtk-user/internal/controller.(*SystemOpsController).GetSystemStats-fm	/api/stats/system
GET	/api/system/config	hivemtk-user/internal/controller.(*SystemConfigController).GetConfig-fm	/api/system/config
GET	/api/system/info	hivemtk-user/internal/controller.(*SystemInfoController).GetSystemInfo-fm	/api/system/info
GET	/api/system/init-status	hivemtk-user/internal/controller.(*SystemInitController).GetInitStatus-fm	/api/system/init-status
GET	/api/system/permissions/audit-logs	hivemtk-user/internal/controller.(*PermissionController).ListAuditLogs-fm	/api/system/permissions/audit-logs
GET	/api/system/roles	hivemtk-user/internal/controller.(*RoleController).ListRoles-fm	/api/system/roles
GET	/api/system/roles/:code	hivemtk-user/internal/controller.(*RoleController).GetRole-fm	/api/system/roles/*
GET	/api/system/roles/:code/members	hivemtk-user/internal/controller.(*RoleController).ListMembers-fm	/api/system/roles/*/members
GET	/api/system/stats	hivemtk-user/internal/controller.(*SystemOpsController).GetSystemStats-fm	/api/system/stats
GET	/api/system/users	hivemtk-user/internal/controller.(*SystemUserAdminController).GetUsers-fm	/api/system/users
GET	/api/system/users/:id	hivemtk-user/internal/controller.(*SystemUserAdminController).GetByID-fm	/api/system/users/*
GET	/api/telegram/accounts	hivemtk-user/internal/controller.(*TelegramAccountController).List-fm	/api/telegram/accounts
GET	/api/telegram/accounts/:id	hivemtk-user/internal/controller.(*TelegramAccountController).Get-fm	/api/telegram/accounts/*
GET	/api/telegram/gates	hivemtk-user/internal/controller.(*TelegramGateController).List-fm	/api/telegram/gates
GET	/api/telegram/gates/:id/members	hivemtk-user/internal/controller.(*TelegramGateController).Members-fm	/api/telegram/gates/*/members
GET	/api/tiktok-card/:id	hivemtk-user/internal/controller.(*TikTokCardController).Get-fm	/api/tiktok-card/*
GET	/api/tiktok-card/:id/stats	hivemtk-user/internal/controller.(*TikTokCardController).Stats-fm	/api/tiktok-card/*/stats
GET	/api/tiktok-card/list	hivemtk-user/internal/controller.(*TikTokCardController).List-fm	/api/tiktok-card/list
GET	/api/tiktok-card/stats/overall	hivemtk-user/internal/controller.(*TikTokCardController).StatsOverall-fm	/api/tiktok-card/stats/overall
GET	/api/unified-messages	hivemtk-user/internal/controller.(*UnifiedMessageController).GetMessages-fm	/api/unified-messages
GET	/api/unified-messages/:id	hivemtk-user/internal/controller.(*UnifiedMessageController).GetMessageByID-fm	/api/unified-messages/*
GET	/api/user-segment/layers	hivemtk-user/internal/controller.(*UserSegmentController).GetLayerDescription-fm	/api/user-segment/layers
GET	/api/user-segment/rfm/list	hivemtk-user/internal/controller.(*UserSegmentController).GetRFMList-fm	/api/user-segment/rfm/list
GET	/api/user-segment/rfm/rule	hivemtk-user/internal/controller.(*UserSegmentController).GetRFMRule-fm	/api/user-segment/rfm/rule
GET	/api/user-segment/rfm/stats	hivemtk-user/internal/controller.(*UserSegmentController).GetRFMStats-fm	/api/user-segment/rfm/stats
GET	/api/user-segment/rfm/user	hivemtk-user/internal/controller.(*UserSegmentController).GetUserRFM-fm	/api/user-segment/rfm/user
GET	/api/user-segments	hivemtk-user/internal/controller.(*CustomerServicePlusController).ListSegments-fm	/api/user-segments
GET	/api/user-segments/rfm	hivemtk-user/internal/controller.(*EmailGapController).RFMMatrix-fm	/api/user-segments/rfm
GET	/api/user-segments/rfm/stats	hivemtk-user/internal/controller.(*EmailGapController).RFMMatrixStats-fm	/api/user-segments/rfm/stats
GET	/api/users	hivemtk-user/internal/controller.(*SystemUserController).GetUsers-fm	/api/users
GET	/api/users/:id	hivemtk-user/internal/controller.(*SystemUserController).GetUser-fm	/api/users/*
GET	/api/users/search	hivemtk-user/internal/controller.(*SystemUserController).SearchUsers-fm	/api/users/search
GET	/api/v1/asset-market/detail/:asset_id	hivemtk-user/internal/controller.(*AssetMarketController).MarketDetail-fm	/api/v1/asset-market/detail/*
GET	/api/v1/asset-market/list	hivemtk-user/internal/controller.(*AssetMarketController).ListMarket-fm	/api/v1/asset-market/list
GET	/api/v1/local-assets	hivemtk-user/internal/controller.(*AssetMarketController).ListLocal-fm	/api/v1/local-assets
GET	/api/v1/local-assets/:id	hivemtk-user/internal/controller.(*AssetMarketController).GetLocal-fm	/api/v1/local-assets/*
GET	/api/v1/local-assets/sync-log	hivemtk-user/internal/controller.(*AssetMarketController).SyncLog-fm	/api/v1/local-assets/sync-log
GET	/api/webhook-subscriptions	hivemtk-user/internal/controller.(*GrowthController).ListWebhookSubs-fm	/api/webhook-subscriptions
GET	/api/webhook/dingtalk/:account_id	hivemtk-user/internal/controller.(*WebhookController).DingTalkVerify-fm	/api/webhook/dingtalk/*
GET	/api/webhook/wecom/:account_id	hivemtk-user/internal/controller.(*WebhookController).WeComVerify-fm	/api/webhook/wecom/*
GET	/api/webhook/whatsapp/:account_id	hivemtk-user/internal/controller.(*WebhookController).WhatsAppVerify-fm	/api/webhook/whatsapp/*
GET	/api/wecom/accounts	hivemtk-user/internal/controller.(*WeComController).GetAccountList-fm	/api/wecom/accounts
GET	/api/wecom/accounts/:id	hivemtk-user/internal/controller.(*WeComController).GetAccountByID-fm	/api/wecom/accounts/*
GET	/api/wecom/customers	hivemtk-user/internal/controller.(*WeComController).GetCustomerList-fm	/api/wecom/customers
GET	/api/wecom/groups	hivemtk-user/internal/controller.(*WeComController).GetGroupList-fm	/api/wecom/groups
GET	/api/wecom/health/accounts	hivemtk-user/internal/controller.(*WeComHealthController).ListAccountsWithHealth-fm	/api/wecom/health/accounts
GET	/api/wecom/health/accounts/:id	hivemtk-user/internal/controller.(*WeComHealthController).GetLatestHealth-fm	/api/wecom/health/accounts/*
GET	/api/wecom/health/accounts/:id/history	hivemtk-user/internal/controller.(*WeComHealthController).ListHealthHistory-fm	/api/wecom/health/accounts/*/history
GET	/api/wecom/health/accounts/risks	hivemtk-user/internal/controller.(*WeComHealthController).GetRiskAccounts-fm	/api/wecom/health/accounts/risks
GET	/api/wecom/health/accounts/select	hivemtk-user/internal/controller.(*WeComHealthController).SelectHealthyAccount-fm	/api/wecom/health/accounts/select
GET	/api/wecom/health/accounts/summary	hivemtk-user/internal/controller.(*WeComHealthController).GetHealthSummary-fm	/api/wecom/health/accounts/summary
GET	/api/wecom/messages	hivemtk-user/internal/controller.(*WeComController).GetMessageList-fm	/api/wecom/messages
GET	/api/wecom/tags	hivemtk-user/internal/controller.(*WeComController).GetTagList-fm	/api/wecom/tags
GET	/api/whatsapp-cloud/accounts	hivemtk-user/internal/controller.(*WhatsAppCloudAccountController).List-fm	/api/whatsapp-cloud/accounts
GET	/api/whatsapp/accounts	hivemtk-user/internal/controller.(*WhatsappController).ListAccounts-fm	/api/whatsapp/accounts
GET	/api/whatsapp/accounts/:id/login/status	hivemtk-user/internal/controller.(*WhatsappController).LoginStatus-fm	/api/whatsapp/accounts/*/login/status
GET	/api/whatsapp/drafts	hivemtk-user/internal/controller.(*WhatsappController).ListDrafts-fm	/api/whatsapp/drafts
GET	/api/whatsapp/group-messaging/records	hivemtk-user/internal/controller.(*GroupMessagingController).GetSendRecords-fm	/api/whatsapp/group-messaging/records
GET	/api/whatsapp/group-messaging/status/:queue_id	hivemtk-user/internal/controller.(*GroupMessagingController).GetMessageStatus-fm	/api/whatsapp/group-messaging/status/*
GET	/api/whatsapp/jobs	hivemtk-user/internal/controller.(*WhatsappController).ListJobs-fm	/api/whatsapp/jobs
GET	/api/whatsapp/jobs/:id	hivemtk-user/internal/controller.(*WhatsappController).GetJob-fm	/api/whatsapp/jobs/*
GET	/api/whatsapp/jobs/:id/progress	hivemtk-user/internal/controller.(*GroupMessagingController).GetJobProgress-fm	/api/whatsapp/jobs/*/progress
GET	/api/whatsapp/templates	hivemtk-user/internal/controller.(*GroupMessagingController).GetTemplates-fm	/api/whatsapp/templates
GET	/api/whatsapp/templates/:id	hivemtk-user/internal/controller.(*GroupMessagingController).GetTemplateByID-fm	/api/whatsapp/templates/*
GET	/api/workflows/executions	hivemtk-user/internal/controller.(*WorkflowOrchestratorController).ListExecutions-fm	/api/workflows/executions
GET	/api/workflows/executions/:id	hivemtk-user/internal/controller.(*WorkflowOrchestratorController).GetExecution-fm	/api/workflows/executions/*
GET	/api/workflows/executions/:id/nodes	hivemtk-user/internal/controller.(*WorkflowOrchestratorController).GetNodeExecutions-fm	/api/workflows/executions/*/nodes
GET	/api/workflows/versions	hivemtk-user/internal/controller.(*WorkflowOrchestratorController).ListVersions-fm	/api/workflows/versions
GET	/api/workflows/versions/:id	hivemtk-user/internal/controller.(*WorkflowOrchestratorController).GetVersion-fm	/api/workflows/versions/*
GET	/api/ws/agent	hivemtk-user/internal/websocket.(*WSHandler).HandleWebSocket-fm	/api/ws/agent
GET	/api/ws/channel	hivemtk-user/internal/channelgw.(*WSTransport).HandleWS-fm	/api/ws/channel
GET	/api/ws/visitor	hivemtk-user/internal/websocket.(*VisitorWSHandler).HandleVisitorWebSocket-fm	/api/ws/visitor
GET	/api/xianyu/:id	hivemtk-user/internal/controller.(*XianyuCardController).GetByID-fm	/api/xianyu/*
GET	/api/xianyu/list	hivemtk-user/internal/controller.(*XianyuCardController).GetList-fm	/api/xianyu/list
GET	/api/xianyu/stats/card/:id	hivemtk-user/internal/controller.(*XianyuCardStatsController).GetCardStats-fm	/api/xianyu/stats/card/*
GET	/api/xianyu/stats/overall	hivemtk-user/internal/controller.(*XianyuCardStatsController).GetOverallStats-fm	/api/xianyu/stats/overall
GET	/api/xianyu/view/:id	hivemtk-user/internal/controller.(*XianyuCardController).GetByID-fm	/api/xianyu/view/*
GET	/api/xiaohongshu/:id	hivemtk-user/internal/controller.(*XiaohongshuCardController).GetByID-fm	/api/xiaohongshu/*
GET	/api/xiaohongshu/list	hivemtk-user/internal/controller.(*XiaohongshuCardController).GetList-fm	/api/xiaohongshu/list
GET	/api/xiaohongshu/stats/card/:id	hivemtk-user/internal/controller.(*XiaohongshuCardStatsController).GetCardStats-fm	/api/xiaohongshu/stats/card/*
GET	/api/xiaohongshu/stats/overall	hivemtk-user/internal/controller.(*XiaohongshuCardStatsController).GetOverallStats-fm	/api/xiaohongshu/stats/overall
GET	/api/xiaohongshu/view/:id	hivemtk-user/internal/controller.(*XiaohongshuCardController).GetByID-fm	/api/xiaohongshu/view/*
GET	/chat/embed	hivemtk-user/internal/router.setupEmbedStaticRoutes.func2	/chat/embed
PATCH	/api/knowledge/documents/:id/public-visibility	hivemtk-user/internal/controller.(*HelpCenterController).SetVisibility-fm	/api/knowledge/documents/*/public-visibility
PATCH	/api/manage/order-drafts/:id	hivemtk-user/internal/controller.(*OrderDraftController).Edit-fm	/api/manage/order-drafts/*
POST	/api/ab-experiments	hivemtk-user/internal/ops/controller.(*ABExperimentController).CreateExperiment-fm	/api/ab-experiments
POST	/api/ab-experiments/:id/bayesian-test	hivemtk-user/internal/ops/controller.(*ABExperimentController).PostBayesianTest-fm	/api/ab-experiments/*/bayesian-test
POST	/api/ab-experiments/:id/pause	hivemtk-user/internal/ops/controller.(*ABExperimentController).PauseExperiment-fm	/api/ab-experiments/*/pause
POST	/api/ab-experiments/:id/sequential-test	hivemtk-user/internal/ops/controller.(*ABExperimentController).PostSequentialTest-fm	/api/ab-experiments/*/sequential-test
POST	/api/ab-experiments/:id/start	hivemtk-user/internal/ops/controller.(*ABExperimentController).StartExperiment-fm	/api/ab-experiments/*/start
POST	/api/ab-experiments/:id/stop	hivemtk-user/internal/ops/controller.(*ABExperimentController).StopExperiment-fm	/api/ab-experiments/*/stop
POST	/api/agent-kb-bindings	hivemtk-user/internal/controller.(*AgentKBBindingController).Bind-fm	/api/agent-kb-bindings
POST	/api/agents	hivemtk-user/internal/controller.(*AgentStatusController).CreateAgent-fm	/api/agents
POST	/api/agents/:id/offline	hivemtk-user/internal/controller.(*AgentStatusController).GoOffline-fm	/api/agents/*/offline
POST	/api/agents/:id/online	hivemtk-user/internal/controller.(*AgentStatusController).GoOnline-fm	/api/agents/*/online
POST	/api/ai-agents	hivemtk-user/internal/controller.(*AIAgentController).Create-fm	/api/ai-agents
POST	/api/ai-agents/:id/test	hivemtk-user/internal/controller.(*AIAgentController).Test-fm	/api/ai-agents/*/test
POST	/api/ai-agents/:id/toggle	hivemtk-user/internal/controller.(*AIAgentController).Toggle-fm	/api/ai-agents/*/toggle
POST	/api/ai-suggestions/:id/use	hivemtk-user/internal/controller.(*AISuggestionController).UseSuggestion-fm	/api/ai-suggestions/*/use
POST	/api/ai-tools/:name/accounts	hivemtk-user/internal/controller.(*AIToolConfigController).BindAccount-fm	/api/ai-tools/*/accounts
POST	/api/ai-tools/batch-status	hivemtk-user/internal/controller.(*AIToolConfigController).BatchUpdateStatus-fm	/api/ai-tools/batch-status
POST	/api/approvals/:id/decide	hivemtk-user/internal/controller.(*ApprovalController).Decide-fm	/api/approvals/*/decide
POST	/api/asset-bundle	hivemtk-user/internal/controller.(*AssetBundleController).Create-fm	/api/asset-bundle
POST	/api/asset-bundle/:id/archive	hivemtk-user/internal/controller.(*AssetBundleController).Archive-fm	/api/asset-bundle/*/archive
POST	/api/asset-bundle/:id/disable	hivemtk-user/internal/controller.(*AssetBundleController).Disable-fm	/api/asset-bundle/*/disable
POST	/api/asset-bundle/:id/enable	hivemtk-user/internal/controller.(*AssetBundleController).Enable-fm	/api/asset-bundle/*/enable
POST	/api/asset-bundle/:id/publish	hivemtk-user/internal/controller.(*AssetBundleController).Publish-fm	/api/asset-bundle/*/publish
POST	/api/asset-bundle/:id/submit-platform	hivemtk-user/internal/controller.(*AssetBundleController).SubmitToPlatform-fm	/api/asset-bundle/*/submit-platform
POST	/api/asset-bundle/enabled/list	hivemtk-user/internal/controller.(*AssetBundleController).GetEnabled-fm	/api/asset-bundle/enabled/list
POST	/api/asset-bundle/list	hivemtk-user/internal/controller.(*AssetBundleController).List-fm	/api/asset-bundle/list
POST	/api/asset-bundle/merchant-parse/:aid	hivemtk-user/internal/controller.(*AssetBundleController).MerchantParse-fm	/api/asset-bundle/merchant-parse/*
POST	/api/asset-bundle/merchant-save	hivemtk-user/internal/controller.(*AssetBundleController).MerchantSave-fm	/api/asset-bundle/merchant-save
POST	/api/asset-bundle/weave	hivemtk-user/internal/controller.(*AssetBundleController).Weave-fm	/api/asset-bundle/weave
POST	/api/auth/change-password	hivemtk-user/internal/controller.(*AuthController).ChangePassword-fm	/api/auth/change-password
POST	/api/auth/login	hivemtk-user/internal/controller.(*AuthController).Login-fm	/api/auth/login
POST	/api/auth/refresh-token	hivemtk-user/internal/controller.(*AuthController).RefreshToken-fm	/api/auth/refresh-token
POST	/api/auth/register	hivemtk-user/internal/controller.(*AuthController).Register-fm	/api/auth/register
POST	/api/backup/:id/restore	hivemtk-user/internal/controller.(*BackupGapController).Restore-fm	/api/backup/*/restore
POST	/api/backup/create	hivemtk-user/internal/controller.(*BackupGapController).Create-fm	/api/backup/create
POST	/api/backups	hivemtk-user/internal/controller.(*BackupController).CreateBackup-fm	/api/backups
POST	/api/bad-cases	hivemtk-user/internal/controller.(*BadCaseController).CreateManual-fm	/api/bad-cases
POST	/api/batch/delete	hivemtk-user/internal/content/controller.(*BatchOperationController).BatchDelete-fm	/api/batch/delete
POST	/api/batch/export	hivemtk-user/internal/content/controller.(*BatchExportController).ExportData-fm	/api/batch/export
POST	/api/batch/histories/:id/cancel	hivemtk-user/internal/content/controller.(*BatchOperationController).CancelHistory-fm	/api/batch/histories/*/cancel
POST	/api/batch/import	hivemtk-user/internal/content/controller.(*BatchImportController).ImportFile-fm	/api/batch/import
POST	/api/batch/preview	hivemtk-user/internal/content/controller.(*BatchOperationController).Preview-fm	/api/batch/preview
POST	/api/batch/update	hivemtk-user/internal/content/controller.(*BatchOperationController).BatchUpdate-fm	/api/batch/update
POST	/api/bridge/ingest	hivemtk-user/internal/bridge.(*BridgeIngestHandler).HandleHTTPIngest-fm	/api/bridge/ingest
POST	/api/bridge/outbox/ack	hivemtk-user/internal/bridge.(*BridgeIngestHandler).AckBridgeOutbox-fm	/api/bridge/outbox/ack
POST	/api/bridge/token/reset	hivemtk-user/internal/controller.(*BridgeTokenController).ResetBridgeToken-fm	/api/bridge/token/reset
POST	/api/browser-automation/cron	hivemtk-user/internal/browser_automation/controller.(*CronController).Create-fm	/api/browser-automation/cron
POST	/api/browser-automation/cron/:id/disable	hivemtk-user/internal/browser_automation/controller.(*CronController).Disable-fm	/api/browser-automation/cron/*/disable
POST	/api/browser-automation/cron/:id/enable	hivemtk-user/internal/browser_automation/controller.(*CronController).Enable-fm	/api/browser-automation/cron/*/enable
POST	/api/browser-automation/host/token/reset	hivemtk-user/internal/browser_automation/controller.(*HostController).ResetToken-fm	/api/browser-automation/host/token/reset
POST	/api/browser-automation/sessions/:id/confirm	hivemtk-user/internal/browser_automation/controller.(*SessionController).Confirm-fm	/api/browser-automation/sessions/*/confirm
POST	/api/browser-automation/sessions/:id/stop	hivemtk-user/internal/browser_automation/controller.(*SessionController).Stop-fm	/api/browser-automation/sessions/*/stop
POST	/api/browser-automation/tasks	hivemtk-user/internal/browser_automation/controller.(*TaskController).Create-fm	/api/browser-automation/tasks
POST	/api/browser-automation/tasks/:id/archive	hivemtk-user/internal/browser_automation/controller.(*TaskController).Archive-fm	/api/browser-automation/tasks/*/archive
POST	/api/browser-automation/tasks/:id/pause	hivemtk-user/internal/browser_automation/controller.(*TaskController).Pause-fm	/api/browser-automation/tasks/*/pause
POST	/api/browser-automation/tasks/:id/publish	hivemtk-user/internal/browser_automation/controller.(*TaskController).Publish-fm	/api/browser-automation/tasks/*/publish
POST	/api/browser-automation/tasks/:id/resume	hivemtk-user/internal/browser_automation/controller.(*TaskController).Resume-fm	/api/browser-automation/tasks/*/resume
POST	/api/browser-automation/tasks/:id/run	hivemtk-user/internal/browser_automation/controller.(*TaskController).Run-fm	/api/browser-automation/tasks/*/run
POST	/api/channel-agent-bindings	hivemtk-user/internal/controller.(*ChannelAgentBindingController).Create-fm	/api/channel-agent-bindings
POST	/api/chat-channels	hivemtk-user/internal/controller.(*ChatChannelController).Create-fm	/api/chat-channels
POST	/api/chat-channels/:channel_id/reset-secret	hivemtk-user/internal/controller.(*ChatChannelController).ResetAppSecret-fm	/api/chat-channels/*/reset-secret
POST	/api/chat-channels/:channel_id/rotate-key	hivemtk-user/internal/controller.(*ChatChannelController).RotateAppKey-fm	/api/chat-channels/*/rotate-key
POST	/api/chat/ingress	hivemtk-user/internal/controller.(*InboxIngressController).Ingress-fm	/api/chat/ingress
POST	/api/chat/public/sessions	hivemtk-user/internal/controller.(*ChatPublicController).OpenSession-fm	/api/chat/public/sessions
POST	/api/chat/public/sessions/:session_id/close	hivemtk-user/internal/controller.(*ChatPublicController).CloseSession-fm	/api/chat/public/sessions/*/close
POST	/api/chat/public/sessions/:session_id/messages	hivemtk-user/internal/controller.(*ChatPublicController).SendMessage-fm	/api/chat/public/sessions/*/messages
POST	/api/chat/public/sessions/:session_id/rate	hivemtk-user/internal/controller.(*ChatPublicController).RateSession-fm	/api/chat/public/sessions/*/rate
POST	/api/chat/public/sessions/:session_id/token	hivemtk-user/internal/controller.(*ChatPublicController).ExchangeSessionToken-fm	/api/chat/public/sessions/*/token
POST	/api/chat/public/sessions/:session_id/transfer	hivemtk-user/internal/controller.(*ChatPublicController).RequestHumanTransfer-fm	/api/chat/public/sessions/*/transfer
POST	/api/churn-prediction/model-config	hivemtk-user/internal/ops/controller.(*ChurnPredictionController).SaveModelConfig-fm	/api/churn-prediction/model-config
POST	/api/churn/warnings/:id/handle	hivemtk-user/internal/ops/controller.(*ChurnPredictionController).MarkWarningHandled-fm	/api/churn/warnings/*/handle
POST	/api/churn/warnings/intervene	hivemtk-user/internal/ops/controller.(*ChurnPredictionController).InterveneUser-fm	/api/churn/warnings/intervene
POST	/api/clues/import	hivemtk-user/internal/controller.(*ClueController).ImportClues-fm	/api/clues/import
POST	/api/community/export	hivemtk-user/internal/controller.(*CommunityController).ExportData-fm	/api/community/export
POST	/api/community/groups	hivemtk-user/internal/controller.(*CommunityController).CreateGroup-fm	/api/community/groups
POST	/api/community/import	hivemtk-user/internal/controller.(*CommunityController).ImportData-fm	/api/community/import
POST	/api/community/members	hivemtk-user/internal/controller.(*CommunityController).AddMember-fm	/api/community/members
POST	/api/custom-reports	hivemtk-user/internal/ops/controller.(*CustomReportController).CreateReport-fm	/api/custom-reports
POST	/api/custom-reports/templates/:id/use	hivemtk-user/internal/ops/controller.(*CustomReportController).UseTemplate-fm	/api/custom-reports/templates/*/use
POST	/api/customer-360/tag-rules	hivemtk-user/internal/controller.(*Customer360Controller).SaveTagRule-fm	/api/customer-360/tag-rules
POST	/api/customer-events/batch	hivemtk-user/internal/controller.(*CustomerEventBatchController).TrackBatch-fm	/api/customer-events/batch
POST	/api/customer-journey/touch	hivemtk-user/internal/controller.(*CustomerJourneyController).TouchCustomer-fm	/api/customer-journey/touch
POST	/api/customer-journey/transition	hivemtk-user/internal/controller.(*CustomerJourneyController).TransitionStage-fm	/api/customer-journey/transition
POST	/api/customer-oneid/:customer_id/identities	hivemtk-user/internal/controller.(*CustomerOneIDController).LinkIdentity-fm	/api/customer-oneid/*/identities
POST	/api/customer-service-agents	hivemtk-user/internal/controller.(*CustomerServiceAgentController).Create-fm	/api/customer-service-agents
POST	/api/customer-service-agents/by-user/:user_id	hivemtk-user/internal/controller.(*CustomerServiceAgentController).CreateByUser-fm	/api/customer-service-agents/by-user/*
POST	/api/customer-sessions	hivemtk-user/internal/controller.(*CustomerSessionController).CreateSession-fm	/api/customer-sessions
POST	/api/customer-sessions/:id/ai-summary	hivemtk-user/internal/controller.(*SessionAIController).Generate-fm	/api/customer-sessions/*/ai-summary
POST	/api/customer-sessions/:id/blacklist	hivemtk-user/internal/controller.(*CustomerSessionController).Blacklist-fm	/api/customer-sessions/*/blacklist
POST	/api/customer-sessions/:id/close	hivemtk-user/internal/controller.(*CustomerSessionController).CloseSession-fm	/api/customer-sessions/*/close
POST	/api/customer-sessions/:id/csat	hivemtk-user/internal/controller.(*CSATController).Submit-fm	/api/customer-sessions/*/csat
POST	/api/customer-sessions/:id/csat/trigger	hivemtk-user/internal/controller.(*CSATController).Trigger-fm	/api/customer-sessions/*/csat/trigger
POST	/api/customer-sessions/:id/edit-lock	hivemtk-user/internal/controller.(*CustomerServicePlusController).AcquireEditLock-fm	/api/customer-sessions/*/edit-lock
POST	/api/customer-sessions/:id/internal-notes	hivemtk-user/internal/controller.(*CustomerServicePlusController).AddInternalNote-fm	/api/customer-sessions/*/internal-notes
POST	/api/customer-sessions/:id/messages	hivemtk-user/internal/controller.(*CustomerSessionController).SendMessage-fm	/api/customer-sessions/*/messages
POST	/api/customer-sessions/:id/release	hivemtk-user/internal/controller.(*CustomerSessionController).Release-fm	/api/customer-sessions/*/release
POST	/api/customer-sessions/:id/snooze	hivemtk-user/internal/controller.(*CustomerServicePlusController).SnoozeSession-fm	/api/customer-sessions/*/snooze
POST	/api/customer-sessions/:id/switch-handler	hivemtk-user/internal/controller.(*CustomerSessionController).SwitchHandler-fm	/api/customer-sessions/*/switch-handler
POST	/api/customer-sessions/:id/tags	hivemtk-user/internal/controller.(*CustomerSessionController).TagSession-fm	/api/customer-sessions/*/tags
POST	/api/customer-sessions/:id/takeover	hivemtk-user/internal/controller.(*CustomerSessionController).Takeover-fm	/api/customer-sessions/*/takeover
POST	/api/customer-sessions/:id/transfer	hivemtk-user/internal/controller.(*CustomerSessionController).TransferSession-fm	/api/customer-sessions/*/transfer
POST	/api/customer-sessions/blacklist/remove	hivemtk-user/internal/controller.(*CustomerSessionController).Unblacklist-fm	/api/customer-sessions/blacklist/remove
POST	/api/customer/oneid/conflicts/:id/resolve	hivemtk-user/internal/controller.(*CustomerOneIDController).ResolveConflict-fm	/api/customer/oneid/conflicts/*/resolve
POST	/api/customer/oneid/merge	hivemtk-user/internal/controller.(*CustomerOneIDController).MergeIdentity-fm	/api/customer/oneid/merge
POST	/api/customer/oneid/resolve	hivemtk-user/internal/controller.(*CustomerOneIDController).ResolveIdentity-fm	/api/customer/oneid/resolve
POST	/api/dashboards	hivemtk-user/internal/ops/controller.(*DashboardScreenController).CreateScreen-fm	/api/dashboards
POST	/api/dingtalk-app/accounts	hivemtk-user/internal/controller.(*DingTalkAppAccountController).Create-fm	/api/dingtalk-app/accounts
POST	/api/domain-pool	hivemtk-user/internal/controller.(*DomainPoolController).Create-fm	/api/domain-pool
POST	/api/domain-pool/:id/check	hivemtk-user/internal/controller.(*DomainPoolController).CheckDomainByID-fm	/api/domain-pool/*/check
POST	/api/domain-pool/:id/rotate	hivemtk-user/internal/controller.(*DomainPoolController).RotateToBackup-fm	/api/domain-pool/*/rotate
POST	/api/domain-pool/:id/suspend	hivemtk-user/internal/controller.(*DomainPoolController).SuspendDomain-fm	/api/domain-pool/*/suspend
POST	/api/domain-pool/alerts/:id/resolve	hivemtk-user/internal/controller.(*DomainPoolController).ResolveAlert-fm	/api/domain-pool/alerts/*/resolve
POST	/api/domain-pool/check-all	hivemtk-user/internal/controller.(*DomainPoolController).CheckAllDomains-fm	/api/domain-pool/check-all
POST	/api/douyin/:id/generate-short-link	hivemtk-user/internal/controller.(*DouyinCardController).GenerateShortLink-fm	/api/douyin/*/generate-short-link
POST	/api/douyin/create	hivemtk-user/internal/controller.(*DouyinCardController).Create-fm	/api/douyin/create
POST	/api/email/domains/:id/suspend	hivemtk-user/internal/controller.(*EmailGapController).SuspendDomain-fm	/api/email/domains/*/suspend
POST	/api/email/drafts	hivemtk-user/internal/controller.(*EmailDraftController).CreateEmailDraft-fm	/api/email/drafts
POST	/api/email/send	hivemtk-user/internal/controller.(*EmailSendController).SendEmail-fm	/api/email/send
POST	/api/email/smtp	hivemtk-user/internal/controller.(*EmailSmtpController).CreateEmailSmtp-fm	/api/email/smtp
POST	/api/email/test-send	hivemtk-user/internal/controller.(*EmailGapController).TestSend-fm	/api/email/test-send
POST	/api/events/add-to-cart	hivemtk-user/internal/controller.(*CustomerEventController).TrackAddToCart-fm	/api/events/add-to-cart
POST	/api/events/click	hivemtk-user/internal/controller.(*CustomerEventController).TrackClick-fm	/api/events/click
POST	/api/events/login	hivemtk-user/internal/controller.(*CustomerEventController).TrackLogin-fm	/api/events/login
POST	/api/events/pageview	hivemtk-user/internal/controller.(*CustomerEventController).TrackPageView-fm	/api/events/pageview
POST	/api/events/purchase	hivemtk-user/internal/controller.(*CustomerEventController).TrackPurchase-fm	/api/events/purchase
POST	/api/events/signup	hivemtk-user/internal/controller.(*CustomerEventController).TrackSignup-fm	/api/events/signup
POST	/api/events/track	hivemtk-user/internal/controller.(*CustomerEventController).TrackEvent-fm	/api/events/track
POST	/api/faqs	hivemtk-user/internal/controller.(*FAQController).Create-fm	/api/faqs
POST	/api/faqs/match	hivemtk-user/internal/controller.(*FAQController).Match-fm	/api/faqs/match
POST	/api/feishu/accounts	hivemtk-user/internal/controller.(*FeishuAccountController).Create-fm	/api/feishu/accounts
POST	/api/feishu/accounts/:id/refresh-token	hivemtk-user/internal/controller.(*FeishuAccountController).RefreshToken-fm	/api/feishu/accounts/*/refresh-token
POST	/api/feishu/accounts/:id/test-send	hivemtk-user/internal/controller.(*FeishuAccountController).TestSend-fm	/api/feishu/accounts/*/test-send
POST	/api/geo/alerts/:id/ack	hivemtk-user/internal/geo/controller.(*AlertController).MarkNotified-fm	/api/geo/alerts/*/ack
POST	/api/geo/competitors	hivemtk-user/internal/geo/controller.(*CompetitorController).Create-fm	/api/geo/competitors
POST	/api/geo/config/optimize	hivemtk-user/internal/geo/controller.(*ConfigController).OptimizeConfig-fm	/api/geo/config/optimize
POST	/api/geo/content/eeat	hivemtk-user/internal/geo/controller.(*ContentController).EnhanceEEAT-fm	/api/geo/content/eeat
POST	/api/geo/content/generate	hivemtk-user/internal/geo/controller.(*ContentController).GenerateContent-fm	/api/geo/content/generate
POST	/api/geo/content/optimize	hivemtk-user/internal/geo/controller.(*ContentController).OptimizeContent-fm	/api/geo/content/optimize
POST	/api/geo/content/schema	hivemtk-user/internal/geo/controller.(*ContentController).GenerateSchema-fm	/api/geo/content/schema
POST	/api/geo/content/score	hivemtk-user/internal/geo/controller.(*ContentController).ScoreContent-fm	/api/geo/content/score
POST	/api/geo/content/uniqueness	hivemtk-user/internal/geo/controller.(*ContentController).CheckUniqueness-fm	/api/geo/content/uniqueness
POST	/api/geo/crawler/run	hivemtk-user/internal/geo/controller.(*ReportController).RunCrawler-fm	/api/geo/crawler/run
POST	/api/geo/decision/tasks/:id/done	hivemtk-user/internal/geo/controller.(*GeoDecisionController).MarkTaskDone-fm	/api/geo/decision/tasks/*/done
POST	/api/geo/entities/extract	hivemtk-user/internal/geo/controller.(*EntityController).Extract-fm	/api/geo/entities/extract
POST	/api/geo/inaccurate-claims	hivemtk-user/internal/geo/controller.(*ReportController).InaccurateClaims-fm	/api/geo/inaccurate-claims
POST	/api/geo/index-tracking/verify-all	hivemtk-user/internal/geo/controller.(*IndexTrackerController).ManualVerifyAll-fm	/api/geo/index-tracking/verify-all
POST	/api/geo/index-tracking/verify/:article_id	hivemtk-user/internal/geo/controller.(*IndexTrackerController).VerifyFull-fm	/api/geo/index-tracking/verify/*
POST	/api/geo/kb/ask	hivemtk-user/internal/geo/controller.(*KBController).Ask-fm	/api/geo/kb/ask
POST	/api/geo/kb/documents	hivemtk-user/internal/geo/controller.(*KBController).Save-fm	/api/geo/kb/documents
POST	/api/geo/keyword-mining/crawl-suggest	hivemtk-user/internal/geo/controller.(*KeywordMiningController).CrawlSuggest-fm	/api/geo/keyword-mining/crawl-suggest
POST	/api/geo/keyword-mining/longtail	hivemtk-user/internal/geo/controller.(*KeywordMiningController).CombineLongtail-fm	/api/geo/keyword-mining/longtail
POST	/api/geo/keywords/cluster	hivemtk-user/internal/geo/controller.(*KeywordController).TopicCluster-fm	/api/geo/keywords/cluster
POST	/api/geo/keywords/expand	hivemtk-user/internal/geo/controller.(*KeywordController).SemanticExpand-fm	/api/geo/keywords/expand
POST	/api/geo/keywords/mine	hivemtk-user/internal/geo/controller.(*KeywordController).MineKeywords-fm	/api/geo/keywords/mine
POST	/api/geo/platform/accounts	hivemtk-user/internal/geo/controller.(*PlatformController).SaveAccount-fm	/api/geo/platform/accounts
POST	/api/geo/platform/publish	hivemtk-user/internal/geo/controller.(*PlatformController).Publish-fm	/api/geo/platform/publish
POST	/api/geo/probe/all	hivemtk-user/internal/geo/controller.(*ProbeController).ProbeAll-fm	/api/geo/probe/all
POST	/api/geo/probe/run-negative	hivemtk-user/internal/geo/controller.(*ProbeController).RunNegativeMonitor-fm	/api/geo/probe/run-negative
POST	/api/geo/probe/run-source-sync	hivemtk-user/internal/geo/controller.(*ProbeController).RunSourceSync-fm	/api/geo/probe/run-source-sync
POST	/api/geo/probe/test	hivemtk-user/internal/geo/controller.(*ProbeController).TestSingle-fm	/api/geo/probe/test
POST	/api/geo/push/urls	hivemtk-user/internal/geo/controller.(*PushController).PushURLs-fm	/api/geo/push/urls
POST	/api/geo/pushers	hivemtk-user/internal/geo/controller.(*GeoPusherConfigController).Create-fm	/api/geo/pushers
POST	/api/geo/schema-templates	hivemtk-user/internal/geo/controller.(*GeoSchemaTemplateController).Create-fm	/api/geo/schema-templates
POST	/api/geo/site/deploy	hivemtk-user/internal/geo/controller.(*SiteController).TriggerDeploy-fm	/api/geo/site/deploy
POST	/api/geo/site/export	hivemtk-user/internal/geo/controller.(*SiteController).ExportToHugo-fm	/api/geo/site/export
POST	/api/geo/site/full-pipeline	hivemtk-user/internal/geo/controller.(*SiteController).FullPipeline-fm	/api/geo/site/full-pipeline
POST	/api/geo/sites	hivemtk-user/internal/geo/controller.(*GeoSiteController).Create-fm	/api/geo/sites
POST	/api/geo/verification/negative	hivemtk-user/internal/geo/controller.(*VerificationController).MonitorNegative-fm	/api/geo/verification/negative
POST	/api/geo/verification/verify	hivemtk-user/internal/geo/controller.(*VerificationController).VerifyArticle-fm	/api/geo/verification/verify
POST	/api/geo/workflow/templates	hivemtk-user/internal/geo/controller.(*WorkflowController).CreateTemplate-fm	/api/geo/workflow/templates
POST	/api/geo/workflow/workflows	hivemtk-user/internal/geo/controller.(*WorkflowController).Create-fm	/api/geo/workflow/workflows
POST	/api/geo/workflow/workflows/:id/run	hivemtk-user/internal/geo/controller.(*WorkflowController).Run-fm	/api/geo/workflow/workflows/*/run
POST	/api/glossaries	hivemtk-user/internal/controller.(*GlossaryController).Create-fm	/api/glossaries
POST	/api/glossaries/validate	hivemtk-user/internal/controller.(*GlossaryController).Validate-fm	/api/glossaries/validate
POST	/api/inbox/assign	hivemtk-user/internal/controller.(*InboxController).Assign-fm	/api/inbox/assign
POST	/api/inbox/assign/auto	hivemtk-user/internal/controller.(*InboxController).AutoAssign-fm	/api/inbox/assign/auto
POST	/api/inbox/conversations/:id/mute	hivemtk-user/internal/controller.(*InboxController).Mute-fm	/api/inbox/conversations/*/mute
POST	/api/inbox/conversations/:id/pin	hivemtk-user/internal/controller.(*InboxController).Pin-fm	/api/inbox/conversations/*/pin
POST	/api/inbox/conversations/:id/read	hivemtk-user/internal/controller.(*InboxController).MarkRead-fm	/api/inbox/conversations/*/read
POST	/api/inbox/conversations/:id/star	hivemtk-user/internal/controller.(*InboxController).Star-fm	/api/inbox/conversations/*/star
POST	/api/inbox/conversations/:id/tags	hivemtk-user/internal/controller.(*InboxController).AddTag-fm	/api/inbox/conversations/*/tags
POST	/api/inbox/reconcile	hivemtk-user/internal/controller.(*InboxController).Reconcile-fm	/api/inbox/reconcile
POST	/api/integrations	hivemtk-user/internal/controller.(*IntegrationController).CreateAccount-fm	/api/integrations
POST	/api/integrations/:id/sync-customers	hivemtk-user/internal/controller.(*IntegrationController).SyncCustomers-fm	/api/integrations/*/sync-customers
POST	/api/integrations/:id/sync-products	hivemtk-user/internal/controller.(*IntegrationController).SyncProducts-fm	/api/integrations/*/sync-products
POST	/api/integrations/:id/test	hivemtk-user/internal/controller.(*IntegrationController).TestIntegration-fm	/api/integrations/*/test
POST	/api/intent/recognize	hivemtk-user/internal/controller.(*IntentController).Recognize-fm	/api/intent/recognize
POST	/api/intent/recognize/batch	hivemtk-user/internal/controller.(*IntentController).BatchRecognize-fm	/api/intent/recognize/batch
POST	/api/intent/recognize/fine	hivemtk-user/internal/controller.(*IntentController).RecognizeFine-fm	/api/intent/recognize/fine
POST	/api/kb-connectors	hivemtk-user/internal/controller.CreateKBConnector	/api/kb-connectors
POST	/api/kb-connectors/:id/sync	hivemtk-user/internal/controller.SyncKBConnector	/api/kb-connectors/*/sync
POST	/api/knowledge-bases	hivemtk-user/internal/controller.(*KnowledgeBaseController).Create-fm	/api/knowledge-bases
POST	/api/knowledge-merchant/batch/import	hivemtk-user/internal/aiagent/knowledge/controller.(*KnowledgeMerchantController).BatchImport-fm	/api/knowledge-merchant/batch/import
POST	/api/knowledge-merchant/batch/upload	hivemtk-user/internal/aiagent/knowledge/controller.(*KnowledgeMerchantController).BatchUpload-fm	/api/knowledge-merchant/batch/upload
POST	/api/knowledge-merchant/chunks/:id/split	hivemtk-user/internal/aiagent/knowledge/controller.(*KnowledgeMerchantController).SplitChunk-fm	/api/knowledge-merchant/chunks/*/split
POST	/api/knowledge-merchant/external/import	hivemtk-user/internal/aiagent/knowledge/controller.(*KnowledgeMerchantController).ExternalImport-fm	/api/knowledge-merchant/external/import
POST	/api/knowledge-merchant/feedback	hivemtk-user/internal/aiagent/knowledge/controller.(*KnowledgeMerchantController).SubmitFeedback-fm	/api/knowledge-merchant/feedback
POST	/api/knowledge-merchant/playground	hivemtk-user/internal/aiagent/knowledge/controller.(*KnowledgeMerchantController).Playground-fm	/api/knowledge-merchant/playground
POST	/api/knowledge-merchant/tokens	hivemtk-user/internal/aiagent/knowledge/controller.(*KnowledgeMerchantController).CreateToken-fm	/api/knowledge-merchant/tokens
POST	/api/knowledge-merchant/tokens/:id/revoke	hivemtk-user/internal/aiagent/knowledge/controller.(*KnowledgeMerchantController).RevokeToken-fm	/api/knowledge-merchant/tokens/*/revoke
POST	/api/knowledge/connectors/:source/pull	go:interface { Get(*github.com/gin-gonic/gin.Context); List(*github.com/gin-gonic/gin.Context); Pull(*github.com/gin-gonic/gin.Context); Save(*github.com/gin-gonic/gin.Context); Test(*github.com/gin-gonic/gin.Context) }.Pull-fm	/api/knowledge/connectors/*/pull
POST	/api/knowledge/connectors/:source/test	go:interface { Get(*github.com/gin-gonic/gin.Context); List(*github.com/gin-gonic/gin.Context); Pull(*github.com/gin-gonic/gin.Context); Save(*github.com/gin-gonic/gin.Context); Test(*github.com/gin-gonic/gin.Context) }.Test-fm	/api/knowledge/connectors/*/test
POST	/api/knowledge/documents/:id/reindex	hivemtk-user/internal/aiagent/knowledge/controller.(*KnowledgeWorkspaceController).ReindexDocument-fm	/api/knowledge/documents/*/reindex
POST	/api/knowledge/import/text	hivemtk-user/internal/aiagent/knowledge/controller.(*KnowledgeWorkspaceController).TextImport-fm	/api/knowledge/import/text
POST	/api/knowledge/import/upload	hivemtk-user/internal/aiagent/knowledge/controller.(*KnowledgeWorkspaceController).UploadImport-fm	/api/knowledge/import/upload
POST	/api/knowledge/import/url	hivemtk-user/internal/aiagent/knowledge/controller.(*KnowledgeWorkspaceController).URLImport-fm	/api/knowledge/import/url
POST	/api/knowledge/openapi/sources	hivemtk-user/internal/aiagent/knowledge/controller.(*KnowledgeWorkspaceController).CreateOpenAPISource-fm	/api/knowledge/openapi/sources
POST	/api/knowledge/openapi/sources/:id/sync	hivemtk-user/internal/aiagent/knowledge/controller.(*KnowledgeWorkspaceController).SyncOpenAPISource-fm	/api/knowledge/openapi/sources/*/sync
POST	/api/knowledge/openapi/sources/:id/test	hivemtk-user/internal/aiagent/knowledge/controller.(*KnowledgeWorkspaceController).TestOpenAPISource-fm	/api/knowledge/openapi/sources/*/test
POST	/api/knowledge/openapi/sources/:id/toggle	hivemtk-user/internal/aiagent/knowledge/controller.(*KnowledgeWorkspaceController).ToggleOpenAPISource-fm	/api/knowledge/openapi/sources/*/toggle
POST	/api/knowledge/products/:product_id/rebuild-index	hivemtk-user/internal/aiagent/knowledge/controller.(*KnowledgeWorkspaceController).RebuildProductIndex-fm	/api/knowledge/products/*/rebuild-index
POST	/api/knowledge/search	hivemtk-user/internal/aiagent/knowledge/controller.(*KnowledgeWorkspaceController).Search-fm	/api/knowledge/search
POST	/api/kuaishou/:id/generate-short-link	hivemtk-user/internal/controller.(*KuaishouCardController).GenerateShortLink-fm	/api/kuaishou/*/generate-short-link
POST	/api/kuaishou/create	hivemtk-user/internal/controller.(*KuaishouCardController).Create-fm	/api/kuaishou/create
POST	/api/kuaishou/like/:id	hivemtk-user/internal/controller.(*KuaishouCardController).LikeCard-fm	/api/kuaishou/like/*
POST	/api/kuaishou/share/:id	hivemtk-user/internal/controller.(*KuaishouCardController).ShareCard-fm	/api/kuaishou/share/*
POST	/api/lead-mining/config	hivemtk-user/internal/controller.(*LeadMiningController).SaveConfig-fm	/api/lead-mining/config
POST	/api/live-codes/:id/qrcodes/create	hivemtk-user/internal/controller.(*LiveCodeController).GenerateQRCode-fm	/api/live-codes/*/qrcodes/create
POST	/api/live-codes/:id/share	hivemtk-user/internal/controller.(*LiveCodeController).Share-fm	/api/live-codes/*/share
POST	/api/live-codes/create	hivemtk-user/internal/controller.(*LiveCodeController).Create-fm	/api/live-codes/create
POST	/api/llm/fallback	hivemtk-user/internal/controller.(*LLMRoutingController).UpdateSceneRouting-fm	/api/llm/fallback
POST	/api/llm/models	hivemtk-user/internal/controller.(*LLMRoutingController).CreateModel-fm	/api/llm/models
POST	/api/llm/scene-routing	hivemtk-user/internal/controller.(*LLMRoutingController).UpdateSceneRouting-fm	/api/llm/scene-routing
POST	/api/macros	hivemtk-user/internal/controller.(*MacroController).Create-fm	/api/macros
POST	/api/manage/config-params/:group/:key/reset	hivemtk-user/internal/controller.(*ConfigParamController).ResetToDefault-fm	/api/manage/config-params/*/*/reset
POST	/api/manage/config-params/:group/reset	hivemtk-user/internal/controller.(*ConfigParamController).BulkResetGroup-fm	/api/manage/config-params/*/reset
POST	/api/marketing-flows	hivemtk-user/internal/content/controller.(*MarketingFlowController).CreateFlow-fm	/api/marketing-flows
POST	/api/marketing-flows/:id/activate	hivemtk-user/internal/content/controller.(*MarketingFlowController).ActivateFlow-fm	/api/marketing-flows/*/activate
POST	/api/marketing-flows/:id/pause	hivemtk-user/internal/content/controller.(*MarketingFlowController).PauseFlow-fm	/api/marketing-flows/*/pause
POST	/api/marketing-flows/:id/stop	hivemtk-user/internal/content/controller.(*MarketingFlowController).StopFlow-fm	/api/marketing-flows/*/stop
POST	/api/material	hivemtk-user/internal/content/controller.(*MaterialController).UploadMaterial-fm	/api/material
POST	/api/material/:id/usage	hivemtk-user/internal/content/controller.(*MaterialController).UpdateMaterialUsage-fm	/api/material/*/usage
POST	/api/material/categories	hivemtk-user/internal/content/controller.(*MaterialController).CreateMaterialCategory-fm	/api/material/categories
POST	/api/material/upload	hivemtk-user/internal/content/controller.(*MaterialController).UploadMaterial-fm	/api/material/upload
POST	/api/mcp	hivemtk-user/internal/controller.(*MCPController).Handle-fm	/api/mcp
POST	/api/mcp/credentials	hivemtk-user/internal/controller.CreateMCPCredential	/api/mcp/credentials
POST	/api/memory/facts	hivemtk-user/internal/controller.(*DialogueMemoryController).UpdateKeyFacts-fm	/api/memory/facts
POST	/api/memory/intent-trail	hivemtk-user/internal/controller.(*DialogueMemoryController).RecordIntent-fm	/api/memory/intent-trail
POST	/api/memory/messages	hivemtk-user/internal/controller.(*DialogueMemoryController).AppendMessage-fm	/api/memory/messages
POST	/api/memory/objections	hivemtk-user/internal/controller.(*DialogueMemoryController).RecordObjection-fm	/api/memory/objections
POST	/api/memory/purchase-intent	hivemtk-user/internal/controller.(*DialogueMemoryController).UpdatePurchaseIntent-fm	/api/memory/purchase-intent
POST	/api/memory/sop-history	hivemtk-user/internal/controller.(*DialogueMemoryController).RecordSOP-fm	/api/memory/sop-history
POST	/api/mentions/:id/read	hivemtk-user/internal/controller.(*NotificationController).MarkRead-fm	/api/mentions/*/read
POST	/api/message-hub/dlq/:id/retry	hivemtk-user/internal/controller.(*CustomerServicePlusController).DLQRetryOne-fm	/api/message-hub/dlq/*/retry
POST	/api/message-hub/dlq/batch-retry	hivemtk-user/internal/controller.(*CustomerServicePlusController).DLQBatchRetry-fm	/api/message-hub/dlq/batch-retry
POST	/api/message-hub/push	hivemtk-user/internal/controller.(*MessageHubController).Push-fm	/api/message-hub/push
POST	/api/message-hub/push-batch	hivemtk-user/internal/controller.(*MessageHubController).PushBatch-fm	/api/message-hub/push-batch
POST	/api/message-hub/push-from-channel	hivemtk-user/internal/controller.(*MessageHubController).PushFromChannel-fm	/api/message-hub/push-from-channel
POST	/api/monitor/trace-eval/trigger	hivemtk-user/internal/controller.(*TraceLearningController).TriggerEval-fm	/api/monitor/trace-eval/trigger
POST	/api/monitor/web-vitals	hivemtk-user/internal/controller.(*WebVitalsController).Report-fm	/api/monitor/web-vitals
POST	/api/objection/classify	hivemtk-user/internal/controller.(*ObjectionHandlerController).Classify-fm	/api/objection/classify
POST	/api/objection/handle	hivemtk-user/internal/controller.(*ObjectionHandlerController).Handle-fm	/api/objection/handle
POST	/api/objection/usage	hivemtk-user/internal/controller.(*ObjectionHandlerController).RecordUsage-fm	/api/objection/usage
POST	/api/obs/config	hivemtk-user/internal/controller.(*ObsConfigController).CreateConfig-fm	/api/obs/config
POST	/api/obs/config/:id/default	hivemtk-user/internal/controller.(*ObsConfigController).SetDefault-fm	/api/obs/config/*/default
POST	/api/obs/config/:id/test	hivemtk-user/internal/controller.(*ObsConfigController).TestConnection-fm	/api/obs/config/*/test
POST	/api/oneid/merge-rules	hivemtk-user/internal/controller.(*CustomerOneIDController).SaveMergeRules-fm	/api/oneid/merge-rules
POST	/api/oneid/merge-rules/preview	hivemtk-user/internal/controller.(*CustomerOneIDController).PreviewMergeRules-fm	/api/oneid/merge-rules/preview
POST	/api/operation-logs/:id/rollback	hivemtk-user/internal/controller.(*OperationLogController).RollbackLog-fm	/api/operation-logs/*/rollback
POST	/api/operation-logs/clean	hivemtk-user/internal/controller.(*OperationLogController).CleanLogs-fm	/api/operation-logs/clean
POST	/api/platform-accounts	hivemtk-user/internal/controller.(*PlatformAccountController).CreateAccount-fm	/api/platform-accounts
POST	/api/platform-accounts/:id/login	hivemtk-user/internal/controller.(*PlatformAccountController).LoginAccount-fm	/api/platform-accounts/*/login
POST	/api/platform/message/:id/read	hivemtk-user/internal/controller.(*PlatformController).MarkPlatformMessageRead-fm	/api/platform/message/*/read
POST	/api/qq/accounts	hivemtk-user/internal/controller.(*QQAccountController).Create-fm	/api/qq/accounts
POST	/api/qq/accounts/:id/test-send	hivemtk-user/internal/controller.(*QQAccountController).TestSend-fm	/api/qq/accounts/*/test-send
POST	/api/qq/accounts/:id/verify-callback	hivemtk-user/internal/controller.(*QQAccountController).VerifyCallback-fm	/api/qq/accounts/*/verify-callback
POST	/api/quick-replies	hivemtk-user/internal/controller.(*QuickReplyController).CreateReply-fm	/api/quick-replies
POST	/api/rag-config/process-message	hivemtk-user/internal/aiagent/knowledge/controller.(*RagConfigController).ProcessMessage-fm	/api/rag-config/process-message
POST	/api/rag-config/products	hivemtk-user/internal/aiagent/knowledge/controller.(*RagConfigController).CreateRagProduct-fm	/api/rag-config/products
POST	/api/rag/eval/run	hivemtk-user/internal/controller.(*RagEvalGapController).Run-fm	/api/rag/eval/run
POST	/api/rag/eval/upload	hivemtk-user/internal/controller.(*RagEvalGapController).Upload-fm	/api/rag/eval/upload
POST	/api/rag/recall/collect	hivemtk-user/internal/controller.(*RagRecallMonitorController).Collect-fm	/api/rag/recall/collect
POST	/api/rag/recall/start	hivemtk-user/internal/controller.(*RagRecallMonitorController).Start-fm	/api/rag/recall/start
POST	/api/rag/recall/stop	hivemtk-user/internal/controller.(*RagRecallMonitorController).Stop-fm	/api/rag/recall/stop
POST	/api/reach/jobs	hivemtk-user/internal/controller.(*ReachPipelineController).EnqueueJob-fm	/api/reach/jobs
POST	/api/reach/jobs/:id/cancel	hivemtk-user/internal/controller.(*ReachPipelineController).CancelJob-fm	/api/reach/jobs/*/cancel
POST	/api/reach/jobs/:id/execute	hivemtk-user/internal/controller.(*ReachPipelineController).ExecuteJob-fm	/api/reach/jobs/*/execute
POST	/api/reach/jobs/:id/retry	hivemtk-user/internal/controller.(*ReachPipelineController).RetryJob-fm	/api/reach/jobs/*/retry
POST	/api/reach/pipelines	hivemtk-user/internal/controller.(*ReachPipelineController).CreatePipeline-fm	/api/reach/pipelines
POST	/api/reach/pipelines/:id/archive	hivemtk-user/internal/controller.(*ReachPipelineController).ArchivePipeline-fm	/api/reach/pipelines/*/archive
POST	/api/reach/pipelines/:id/pause	hivemtk-user/internal/controller.(*ReachPipelineController).PausePipeline-fm	/api/reach/pipelines/*/pause
POST	/api/reach/pipelines/:id/resume	hivemtk-user/internal/controller.(*ReachPipelineController).ResumePipeline-fm	/api/reach/pipelines/*/resume
POST	/api/reach/rate-limit/reset	hivemtk-user/internal/controller.(*ReachPipelineController).ResetRateLimit-fm	/api/reach/rate-limit/reset
POST	/api/report-subscriptions	hivemtk-user/internal/controller.(*GrowthController).CreateReportSub-fm	/api/report-subscriptions
POST	/api/report-subscriptions/send-now	hivemtk-user/internal/controller.(*GrowthController).SendReportsNow-fm	/api/report-subscriptions/send-now
POST	/api/restore	hivemtk-user/internal/controller.(*RestoreController).RestoreBackup-fm	/api/restore
POST	/api/script-ab/conversion	hivemtk-user/internal/controller.(*ScriptLibraryController).RecordConversion-fm	/api/script-ab/conversion
POST	/api/script-library/:id/expire	hivemtk-user/internal/controller.(*ScriptLibraryController).ExpireScript-fm	/api/script-library/*/expire
POST	/api/script-library/:id/versions	hivemtk-user/internal/controller.(*ScriptLibraryController).CreateVersion-fm	/api/script-library/*/versions
POST	/api/scripts	hivemtk-user/internal/content/controller.(*ScriptTemplateController).CreateTemplate-fm	/api/scripts
POST	/api/scripts/recommend	hivemtk-user/internal/content/controller.(*ScriptTemplateController).RecommendScript-fm	/api/scripts/recommend
POST	/api/security/audit	hivemtk-user/internal/controller.(*SecurityAuditController).RunSecurityAudit-fm	/api/security/audit
POST	/api/session-tags	hivemtk-user/internal/controller.(*SessionTagController).CreateTag-fm	/api/session-tags
POST	/api/shortlink/:id/share	hivemtk-user/internal/controller.(*ShortLinkStatsController).ShareShortLink-fm	/api/shortlink/*/share
POST	/api/shortlink/access	hivemtk-user/internal/controller.(*ShortLinkController).AccessShortLink-fm	/api/shortlink/access
POST	/api/shortlink/create	hivemtk-user/internal/controller.(*ShortLinkController).Create-fm	/api/shortlink/create
POST	/api/shortlink/generate	hivemtk-user/internal/controller.(*ShortLinkController).Create-fm	/api/shortlink/generate
POST	/api/sms/config	hivemtk-user/internal/controller.(*SmsController).SaveConfig-fm	/api/sms/config
POST	/api/sms/draft	hivemtk-user/internal/controller.(*SmsController).CreateDraft-fm	/api/sms/draft
POST	/api/sms/draft/:id/send	hivemtk-user/internal/controller.(*SmsController).SendDraft-fm	/api/sms/draft/*/send
POST	/api/sms/job	hivemtk-user/internal/controller.(*SmsController).CreateJob-fm	/api/sms/job
POST	/api/sms/job/:id/pause	hivemtk-user/internal/controller.(*SmsController).PauseJob-fm	/api/sms/job/*/pause
POST	/api/sms/job/:id/resume	hivemtk-user/internal/controller.(*SmsController).ResumeJob-fm	/api/sms/job/*/resume
POST	/api/sms/job/:id/stop	hivemtk-user/internal/controller.(*SmsController).StopJob-fm	/api/sms/job/*/stop
POST	/api/sms/resend/:id	hivemtk-user/internal/controller.(*SmsController).ResendSms-fm	/api/sms/resend/*
POST	/api/sms/send	hivemtk-user/internal/controller.(*SmsController).SendSms-fm	/api/sms/send
POST	/api/sop	hivemtk-user/internal/controller.(*SOPController).Create-fm	/api/sop
POST	/api/sop-templates	hivemtk-user/internal/controller.(*SOPTemplateController).Create-fm	/api/sop-templates
POST	/api/sop-templates/match	hivemtk-user/internal/controller.(*SOPTemplateController).Match-fm	/api/sop-templates/match
POST	/api/sop/:id/activate	hivemtk-user/internal/controller.(*SOPController).Activate-fm	/api/sop/*/activate
POST	/api/sop/:id/deactivate	hivemtk-user/internal/controller.(*SOPController).Deactivate-fm	/api/sop/*/deactivate
POST	/api/sop/execute	hivemtk-user/internal/controller.(*SOPController).Execute-fm	/api/sop/execute
POST	/api/sop/executions/:id/cancel	hivemtk-user/internal/controller.(*SOPController).Cancel-fm	/api/sop/executions/*/cancel
POST	/api/sop/executions/:id/pause	hivemtk-user/internal/controller.(*SOPController).Pause-fm	/api/sop/executions/*/pause
POST	/api/sop/executions/:id/resume	hivemtk-user/internal/controller.(*SOPController).Resume-fm	/api/sop/executions/*/resume
POST	/api/sop/step	hivemtk-user/internal/controller.(*SOPController).Step-fm	/api/sop/step
POST	/api/system/config	hivemtk-user/internal/controller.(*SystemConfigController).SaveConfig-fm	/api/system/config
POST	/api/system/create-default-admin	hivemtk-user/internal/controller.(*AuthController).CreateDefaultAdmin-fm	/api/system/create-default-admin
POST	/api/system/init-admin	hivemtk-user/internal/controller.(*AuthController).InitAdmin-fm	/api/system/init-admin
POST	/api/system/users	hivemtk-user/internal/controller.(*SystemUserAdminController).Create-fm	/api/system/users
POST	/api/telegram/accounts	hivemtk-user/internal/controller.(*TelegramAccountController).Create-fm	/api/telegram/accounts
POST	/api/telegram/accounts/:id/register-webhook	hivemtk-user/internal/controller.(*TelegramAccountController).RegisterWebhook-fm	/api/telegram/accounts/*/register-webhook
POST	/api/telegram/accounts/:id/test-send	hivemtk-user/internal/controller.(*TelegramAccountController).TestSend-fm	/api/telegram/accounts/*/test-send
POST	/api/telegram/gates	hivemtk-user/internal/controller.(*TelegramGateController).Create-fm	/api/telegram/gates
POST	/api/telegram/gates/:id/members/:member_id/authorize	hivemtk-user/internal/controller.(*TelegramGateController).AuthorizeMember-fm	/api/telegram/gates/*/members/*/authorize
POST	/api/tiktok-card	hivemtk-user/internal/controller.(*TikTokCardController).Create-fm	/api/tiktok-card
POST	/api/tiktok-card/generate-short-link	hivemtk-user/internal/controller.(*TikTokCardController).GenerateShortLink-fm	/api/tiktok-card/generate-short-link
POST	/api/upload	hivemtk-user/internal/controller.UploadFile	/api/upload
POST	/api/user-segment/rfm/calculate	hivemtk-user/internal/controller.(*UserSegmentController).CalculateRFM-fm	/api/user-segment/rfm/calculate
POST	/api/user-segment/rfm/rule	hivemtk-user/internal/controller.(*UserSegmentController).SaveRFMRule-fm	/api/user-segment/rfm/rule
POST	/api/user-segments	hivemtk-user/internal/controller.(*CustomerServicePlusController).CreateSegment-fm	/api/user-segments
POST	/api/users	hivemtk-user/internal/controller.(*SystemUserController).CreateUser-fm	/api/users
POST	/api/v1/asset-market/purchase	hivemtk-user/internal/controller.(*AssetMarketController).Purchase-fm	/api/v1/asset-market/purchase
POST	/api/v1/asset-market/report-usage	hivemtk-user/internal/controller.(*AssetMarketController).ReportUsage-fm	/api/v1/asset-market/report-usage
POST	/api/v1/asset-market/sync	hivemtk-user/internal/controller.(*AssetMarketController).Sync-fm	/api/v1/asset-market/sync
POST	/api/v1/local-assets	hivemtk-user/internal/controller.(*AssetMarketController).CreateLocal-fm	/api/v1/local-assets
POST	/api/webhook-subscriptions	hivemtk-user/internal/controller.(*GrowthController).CreateWebhookSub-fm	/api/webhook-subscriptions
POST	/api/webhook/dingtalk/:account_id	hivemtk-user/internal/controller.(*WebhookController).DingTalkReceive-fm	/api/webhook/dingtalk/*
POST	/api/wecom/accounts	hivemtk-user/internal/controller.(*WeComController).CreateAccount-fm	/api/wecom/accounts
POST	/api/wecom/accounts/:id/refresh	hivemtk-user/internal/controller.(*WeComController).RefreshAccount-fm	/api/wecom/accounts/*/refresh
POST	/api/wecom/accounts/:id/send-message	hivemtk-user/internal/controller.(*WeComController).SendMessage-fm	/api/wecom/accounts/*/send-message
POST	/api/wecom/accounts/:id/sync-customers	hivemtk-user/internal/controller.(*WeComController).SyncCustomers-fm	/api/wecom/accounts/*/sync-customers
POST	/api/wecom/accounts/:id/sync-groups	hivemtk-user/internal/controller.(*WeComController).SyncGroups-fm	/api/wecom/accounts/*/sync-groups
POST	/api/wecom/accounts/:id/sync-tags	hivemtk-user/internal/controller.(*WeComController).SyncTags-fm	/api/wecom/accounts/*/sync-tags
POST	/api/wecom/health/accounts/:id	hivemtk-user/internal/controller.(*WeComHealthController).ReportHealth-fm	/api/wecom/health/accounts/*
POST	/api/wecom/health/accounts/:id/quota/consume	hivemtk-user/internal/controller.(*WeComHealthController).ConsumeQuota-fm	/api/wecom/health/accounts/*/quota/consume
POST	/api/wecom/health/accounts/:id/status	hivemtk-user/internal/controller.(*WeComHealthController).UpdateAccountStatus-fm	/api/wecom/health/accounts/*/status
POST	/api/wecom/health/accounts/quota/reset	hivemtk-user/internal/controller.(*WeComHealthController).ResetDailyQuota-fm	/api/wecom/health/accounts/quota/reset
POST	/api/wecom/messages/ingest	hivemtk-user/internal/controller.(*WeComHealthController).IngestMessage-fm	/api/wecom/messages/ingest
POST	/api/wecom/messages/send	hivemtk-user/internal/controller.(*WeComHealthController).SendMessage-fm	/api/wecom/messages/send
POST	/api/whatsapp-cloud/accounts	hivemtk-user/internal/controller.(*WhatsAppCloudAccountController).Create-fm	/api/whatsapp-cloud/accounts
POST	/api/whatsapp/accounts	hivemtk-user/internal/controller.(*WhatsappController).CreateAccount-fm	/api/whatsapp/accounts
POST	/api/whatsapp/accounts/:id/login/start	hivemtk-user/internal/controller.(*WhatsappController).StartLogin-fm	/api/whatsapp/accounts/*/login/start
POST	/api/whatsapp/bulk-send	hivemtk-user/internal/controller.(*GroupMessagingController).BulkSend-fm	/api/whatsapp/bulk-send
POST	/api/whatsapp/drafts	hivemtk-user/internal/controller.(*WhatsappController).CreateDraft-fm	/api/whatsapp/drafts
POST	/api/whatsapp/group-messaging/send	hivemtk-user/internal/controller.(*GroupMessagingController).SelectGroupAndSendMessage-fm	/api/whatsapp/group-messaging/send
POST	/api/whatsapp/jobs	hivemtk-user/internal/controller.(*WhatsappController).CreateJob-fm	/api/whatsapp/jobs
POST	/api/whatsapp/templates	hivemtk-user/internal/controller.(*GroupMessagingController).CreateTemplate-fm	/api/whatsapp/templates
POST	/api/workflows/execute	hivemtk-user/internal/controller.(*WorkflowOrchestratorController).Execute-fm	/api/workflows/execute
POST	/api/workflows/executions/:id/stop	hivemtk-user/internal/controller.(*WorkflowOrchestratorController).StopExecution-fm	/api/workflows/executions/*/stop
POST	/api/workflows/versions	hivemtk-user/internal/controller.(*WorkflowOrchestratorController).CreateVersion-fm	/api/workflows/versions
POST	/api/workflows/versions/:id/archive	hivemtk-user/internal/controller.(*WorkflowOrchestratorController).ArchiveVersion-fm	/api/workflows/versions/*/archive
POST	/api/workflows/versions/:id/publish	hivemtk-user/internal/controller.(*WorkflowOrchestratorController).PublishVersion-fm	/api/workflows/versions/*/publish
POST	/api/xianyu/:id/generate-short-link	hivemtk-user/internal/controller.(*XianyuCardController).GenerateShortLink-fm	/api/xianyu/*/generate-short-link
POST	/api/xianyu/create	hivemtk-user/internal/controller.(*XianyuCardController).Create-fm	/api/xianyu/create
POST	/api/xiaohongshu/:id/generate-short-link	hivemtk-user/internal/controller.(*XiaohongshuCardController).GenerateShortLink-fm	/api/xiaohongshu/*/generate-short-link
POST	/api/xiaohongshu/create	hivemtk-user/internal/controller.(*XiaohongshuCardController).Create-fm	/api/xiaohongshu/create
PUT	/api/ab-experiments/:id	hivemtk-user/internal/ops/controller.(*ABExperimentController).UpdateExperiment-fm	/api/ab-experiments/*
PUT	/api/admin/tuning/confidence/policies	hivemtk-user/internal/controller.(*TuningController).UpsertThresholdPolicy-fm	/api/admin/tuning/confidence/policies
PUT	/api/admin/tuning/prompt/candidates/:id/status	hivemtk-user/internal/controller.(*TuningController).UpdatePromptCandidateStatus-fm	/api/admin/tuning/prompt/candidates/*/status
PUT	/api/agent-kb-bindings/by-agent/:agentId	hivemtk-user/internal/controller.(*AgentKBBindingController).ReplaceByAgent-fm	/api/agent-kb-bindings/by-agent/*
PUT	/api/agents/:id/status	hivemtk-user/internal/controller.(*AgentStatusController).UpdateAgentStatus-fm	/api/agents/*/status
PUT	/api/ai-agents/:id	hivemtk-user/internal/controller.(*AIAgentController).Update-fm	/api/ai-agents/*
PUT	/api/ai-tools/:name/status	hivemtk-user/internal/controller.(*AIToolConfigController).UpdateToolStatus-fm	/api/ai-tools/*/status
PUT	/api/asset-bundle/:id	hivemtk-user/internal/controller.(*AssetBundleController).Update-fm	/api/asset-bundle/*
PUT	/api/backup/strategy	hivemtk-user/internal/controller.(*BackupGapController).SaveStrategy-fm	/api/backup/strategy
PUT	/api/browser-automation/cron/:id	hivemtk-user/internal/browser_automation/controller.(*CronController).Update-fm	/api/browser-automation/cron/*
PUT	/api/browser-automation/tasks/:id	hivemtk-user/internal/browser_automation/controller.(*TaskController).Update-fm	/api/browser-automation/tasks/*
PUT	/api/browser-automation/tasks/:id/dependency	hivemtk-user/internal/browser_automation/controller.(*TaskController).SetDependency-fm	/api/browser-automation/tasks/*/dependency
PUT	/api/channel-agent-bindings/:id	hivemtk-user/internal/controller.(*ChannelAgentBindingController).Update-fm	/api/channel-agent-bindings/*
PUT	/api/chat-channels/:channel_id	hivemtk-user/internal/controller.(*ChatChannelController).Update-fm	/api/chat-channels/*
PUT	/api/community/groups/:id	hivemtk-user/internal/controller.(*CommunityController).UpdateGroup-fm	/api/community/groups/*
PUT	/api/csat/template	hivemtk-user/internal/controller.(*CSATController).SaveTemplate-fm	/api/csat/template
PUT	/api/custom-reports/:id	hivemtk-user/internal/ops/controller.(*CustomReportController).UpdateReport-fm	/api/custom-reports/*
PUT	/api/customer-360/tag-rules/:id	hivemtk-user/internal/controller.(*Customer360Controller).UpdateTagRule-fm	/api/customer-360/tag-rules/*
PUT	/api/customer-360/tags	hivemtk-user/internal/controller.(*Customer360Controller).UpdateCustomerTags-fm	/api/customer-360/tags
PUT	/api/customer-service-agents/:id	hivemtk-user/internal/controller.(*CustomerServiceAgentController).Update-fm	/api/customer-service-agents/*
PUT	/api/customer-sessions/:id/priority	hivemtk-user/internal/controller.(*CustomerServicePlusController).SetSessionPriority-fm	/api/customer-sessions/*/priority
PUT	/api/dashboards/:id	hivemtk-user/internal/ops/controller.(*DashboardScreenController).UpdateScreen-fm	/api/dashboards/*
PUT	/api/domain-pool/:id	hivemtk-user/internal/controller.(*DomainPoolController).Update-fm	/api/domain-pool/*
PUT	/api/douyin/update	hivemtk-user/internal/controller.(*DouyinCardController).Update-fm	/api/douyin/update
PUT	/api/email/drafts/:id	hivemtk-user/internal/controller.(*EmailDraftController).UpdateEmailDraft-fm	/api/email/drafts/*
PUT	/api/email/smtp/:id	hivemtk-user/internal/controller.(*EmailSmtpController).UpdateEmailSmtp-fm	/api/email/smtp/*
PUT	/api/faqs/:id	hivemtk-user/internal/controller.(*FAQController).Update-fm	/api/faqs/*
PUT	/api/feishu/accounts/:id	hivemtk-user/internal/controller.(*FeishuAccountController).Update-fm	/api/feishu/accounts/*
PUT	/api/geo/competitors/:id	hivemtk-user/internal/geo/controller.(*CompetitorController).Update-fm	/api/geo/competitors/*
PUT	/api/geo/config	hivemtk-user/internal/geo/controller.(*ConfigController).UpdateConfig-fm	/api/geo/config
PUT	/api/geo/pushers/:id	hivemtk-user/internal/geo/controller.(*GeoPusherConfigController).Update-fm	/api/geo/pushers/*
PUT	/api/geo/schema-templates/:id	hivemtk-user/internal/geo/controller.(*GeoSchemaTemplateController).Update-fm	/api/geo/schema-templates/*
PUT	/api/geo/sites/:id	hivemtk-user/internal/geo/controller.(*GeoSiteController).Update-fm	/api/geo/sites/*
PUT	/api/geo/workflow/workflows/:id	hivemtk-user/internal/geo/controller.(*WorkflowController).Update-fm	/api/geo/workflow/workflows/*
PUT	/api/glossaries/:term_id	hivemtk-user/internal/controller.(*GlossaryController).Update-fm	/api/glossaries/*
PUT	/api/integrations/:id	hivemtk-user/internal/controller.(*IntegrationController).UpdateAccount-fm	/api/integrations/*
PUT	/api/intent-records/keywords-override	hivemtk-user/internal/controller.(*IntentController).UpdateKeywordOverride-fm	/api/intent-records/keywords-override
PUT	/api/intent/config	hivemtk-user/internal/controller.(*IntentController).UpdateConfig-fm	/api/intent/config
PUT	/api/kb-connectors/:id	hivemtk-user/internal/controller.UpdateKBConnector	/api/kb-connectors/*
PUT	/api/knowledge-bases/:id	hivemtk-user/internal/controller.(*KnowledgeBaseController).Update-fm	/api/knowledge-bases/*
PUT	/api/knowledge-merchant/chunks/:id	hivemtk-user/internal/aiagent/knowledge/controller.(*KnowledgeMerchantController).UpdateChunk-fm	/api/knowledge-merchant/chunks/*
PUT	/api/knowledge/connectors/:source	go:interface { Get(*github.com/gin-gonic/gin.Context); List(*github.com/gin-gonic/gin.Context); Pull(*github.com/gin-gonic/gin.Context); Save(*github.com/gin-gonic/gin.Context); Test(*github.com/gin-gonic/gin.Context) }.Save-fm	/api/knowledge/connectors/*
PUT	/api/knowledge/documents/:id	hivemtk-user/internal/aiagent/knowledge/controller.(*KnowledgeWorkspaceController).UpdateDocument-fm	/api/knowledge/documents/*
PUT	/api/knowledge/openapi/sources/:id	hivemtk-user/internal/aiagent/knowledge/controller.(*KnowledgeWorkspaceController).UpdateOpenAPISource-fm	/api/knowledge/openapi/sources/*
PUT	/api/kuaishou/update	hivemtk-user/internal/controller.(*KuaishouCardController).Update-fm	/api/kuaishou/update
PUT	/api/live-codes/:id/update	hivemtk-user/internal/controller.(*LiveCodeController).Update-fm	/api/live-codes/*/update
PUT	/api/live-codes/qrcodes/:qr_id/update	hivemtk-user/internal/controller.(*LiveCodeController).UpdateLiveCodeQR-fm	/api/live-codes/qrcodes/*/update
PUT	/api/llm/fallback	hivemtk-user/internal/controller.(*LLMRoutingController).UpdateSceneRouting-fm	/api/llm/fallback
PUT	/api/llm/scene-routing	hivemtk-user/internal/controller.(*LLMRoutingController).UpdateSceneRouting-fm	/api/llm/scene-routing
PUT	/api/manage/config-params/:group/:key	hivemtk-user/internal/controller.(*ConfigParamController).Update-fm	/api/manage/config-params/*/*
PUT	/api/manage/ltc/config	hivemtk-user/internal/router.handleLTCConfigPut	/api/manage/ltc/config
PUT	/api/marketing-flows/:id	hivemtk-user/internal/content/controller.(*MarketingFlowController).UpdateFlow-fm	/api/marketing-flows/*
PUT	/api/material/:id/usage	hivemtk-user/internal/content/controller.(*MaterialController).UpdateMaterialUsage-fm	/api/material/*/usage
PUT	/api/material/categories/:id	hivemtk-user/internal/content/controller.(*MaterialController).UpdateMaterialCategory-fm	/api/material/categories/*
PUT	/api/mcp/credentials/:id	hivemtk-user/internal/controller.UpdateMCPCredential	/api/mcp/credentials/*
PUT	/api/obs/config/:id	hivemtk-user/internal/controller.(*ObsConfigController).UpdateConfig-fm	/api/obs/config/*
PUT	/api/office-hours	hivemtk-user/internal/controller.(*CustomerServicePlusController).SaveOfficeHours-fm	/api/office-hours
PUT	/api/platform-accounts/:id	hivemtk-user/internal/controller.(*PlatformAccountController).UpdateAccount-fm	/api/platform-accounts/*
PUT	/api/qq/accounts/:id	hivemtk-user/internal/controller.(*QQAccountController).Update-fm	/api/qq/accounts/*
PUT	/api/quick-replies/:id	hivemtk-user/internal/controller.(*QuickReplyController).UpdateReply-fm	/api/quick-replies/*
PUT	/api/rag-config/accounts/config	hivemtk-user/internal/aiagent/knowledge/controller.(*RagConfigController).UpdateAccountConfig-fm	/api/rag-config/accounts/config
PUT	/api/rag-config/products/:id	hivemtk-user/internal/aiagent/knowledge/controller.(*RagConfigController).UpdateRagProduct-fm	/api/rag-config/products/*
PUT	/api/reach/pipelines/:id	hivemtk-user/internal/controller.(*ReachPipelineController).UpdatePipeline-fm	/api/reach/pipelines/*
PUT	/api/script-library/:id/ab-config	hivemtk-user/internal/controller.(*ScriptLibraryController).UpdateABConfig-fm	/api/script-library/*/ab-config
PUT	/api/script-library/:id/versions/:vid/activate	hivemtk-user/internal/controller.(*ScriptLibraryController).ActivateVersion-fm	/api/script-library/*/versions/*/activate
PUT	/api/scripts/:id	hivemtk-user/internal/content/controller.(*ScriptTemplateController).UpdateTemplate-fm	/api/scripts/*
PUT	/api/session-tags/:id	hivemtk-user/internal/controller.(*SessionTagController).UpdateTag-fm	/api/session-tags/*
PUT	/api/shortlink/update	hivemtk-user/internal/controller.(*ShortLinkController).Update-fm	/api/shortlink/update
PUT	/api/sms/draft/:id	hivemtk-user/internal/controller.(*SmsController).UpdateDraft-fm	/api/sms/draft/*
PUT	/api/sop-templates/:id	hivemtk-user/internal/controller.(*SOPTemplateController).Update-fm	/api/sop-templates/*
PUT	/api/sop/:id	hivemtk-user/internal/controller.(*SOPController).Update-fm	/api/sop/*
PUT	/api/system/permissions/:id/enabled	hivemtk-user/internal/controller.(*PermissionController).SetEnabled-fm	/api/system/permissions/*/enabled
PUT	/api/system/permissions/:id/password	hivemtk-user/internal/controller.(*PermissionController).ResetPassword-fm	/api/system/permissions/*/password
PUT	/api/system/users/:id	hivemtk-user/internal/controller.(*SystemUserAdminController).Update-fm	/api/system/users/*
PUT	/api/telegram/accounts/:id	hivemtk-user/internal/controller.(*TelegramAccountController).Update-fm	/api/telegram/accounts/*
PUT	/api/telegram/gates/:id	hivemtk-user/internal/controller.(*TelegramGateController).Update-fm	/api/telegram/gates/*
PUT	/api/tiktok-card/:id	hivemtk-user/internal/controller.(*TikTokCardController).Update-fm	/api/tiktok-card/*
PUT	/api/user-segment/rfm/rule/:id	hivemtk-user/internal/controller.(*UserSegmentController).UpdateRFMRule-fm	/api/user-segment/rfm/rule/*
PUT	/api/users/:id	hivemtk-user/internal/controller.(*SystemUserController).UpdateUser-fm	/api/users/*
PUT	/api/users/:id/password	hivemtk-user/internal/controller.(*SystemUserController).ResetPassword-fm	/api/users/*/password
PUT	/api/v1/local-assets/:id	hivemtk-user/internal/controller.(*AssetMarketController).UpdateLocal-fm	/api/v1/local-assets/*
PUT	/api/v1/local-assets/:id/toggle-active	hivemtk-user/internal/controller.(*AssetMarketController).ToggleActive-fm	/api/v1/local-assets/*/toggle-active
PUT	/api/wecom/accounts/:id	hivemtk-user/internal/controller.(*WeComController).UpdateAccount-fm	/api/wecom/accounts/*
PUT	/api/whatsapp/accounts/:id	hivemtk-user/internal/controller.(*WhatsappController).UpdateAccount-fm	/api/whatsapp/accounts/*
PUT	/api/whatsapp/drafts/:id	hivemtk-user/internal/controller.(*WhatsappController).UpdateDraft-fm	/api/whatsapp/drafts/*
PUT	/api/whatsapp/templates/:id	hivemtk-user/internal/controller.(*GroupMessagingController).UpdateTemplate-fm	/api/whatsapp/templates/*
PUT	/api/workflows/versions/:id	hivemtk-user/internal/controller.(*WorkflowOrchestratorController).UpdateVersion-fm	/api/workflows/versions/*
PUT	/api/xianyu/update	hivemtk-user/internal/controller.(*XianyuCardController).Update-fm	/api/xianyu/update
PUT	/api/xiaohongshu/update	hivemtk-user/internal/controller.(*XiaohongshuCardController).Update-fm	/api/xiaohongshu/update
